worker_id,zone,shift_type,rating,tenure,week,acceptance_rate,task_value,weekly_earnings,shadow_ban_flag
WRK-000,Zone B,Day,4.8,19,1,0.95,130.67,914.69,0
WRK-000,Zone B,Day,4.8,19,2,0.95,102.02,714.14,0
WRK-000,Zone B,Day,4.8,19,3,0.95,124.87,624.35,0
WRK-000,Zone B,Day,4.8,19,4,0.95,95.85,287.55,0
WRK-000,Zone B,Day,4.8,19,5,0.95,115.5,693.0,0
WRK-000,Zone B,Day,4.8,19,6,0.95,128.82,901.74,0
WRK-000,Zone B,Day,4.8,19,7,0.95,131.96,395.88,0
WRK-000,Zone B,Day,4.8,19,8,0.95,93.59,655.13,0
WRK-000,Zone B,Day,4.8,19,9,0.95,132.41,794.46,0
WRK-000,Zone B,Day,4.8,19,10,0.95,107.33,643.98,0
WRK-000,Zone B,Day,4.8,19,11,0.95,134.45,806.7,0
WRK-000,Zone B,Day,4.8,19,12,0.95,117.29,821.03,0
WRK-001,Zone C,Night,4.65,40,1,0.93,55.74,334.44,0
WRK-001,Zone C,Night,4.65,40,2,0.91,60.72,303.6,0
WRK-001,Zone C,Night,4.65,40,3,0.89,56.43,395.01,0
WRK-001,Zone C,Night,4.65,40,4,0.87,69.59,208.77,0
WRK-001,Zone C,Night,4.65,40,5,0.85,51.47,360.29,0
WRK-001,Zone C,Night,4.65,40,6,0.83,59.32,237.28,0
WRK-001,Zone C,Night,4.65,40,7,0.81,56.66,396.62,0
WRK-001,Zone C,Night,4.65,40,8,0.79,53.21,212.84,0
WRK-001,Zone C,Night,4.65,40,9,0.77,65.49,196.47,0
WRK-001,Zone C,Night,4.65,40,10,0.75,59.34,356.04,0
WRK-001,Zone C,Night,4.65,40,11,0.73,59.96,419.72,0
WRK-001,Zone C,Night,4.65,40,12,0.71,45.21,135.63,0
WRK-002,Zone C,Day,4.69,25,1,0.93,86.13,344.52,0
WRK-002,Zone C,Day,4.69,25,2,0.91,64.11,448.77,0
WRK-002,Zone C,Day,4.69,25,3,0.89,60.9,304.5,0
WRK-002,Zone C,Day,4.69,25,4,0.87,73.7,515.9,0
WRK-002,Zone C,Day,4.69,25,5,0.85,66.13,396.78,0
WRK-002,Zone C,Day,4.69,25,6,0.83,60.93,182.79,0
WRK-002,Zone C,Day,4.69,25,7,0.81,68.9,413.4,0
WRK-002,Zone C,Day,4.69,25,8,0.79,61.61,308.05,0
WRK-002,Zone C,Day,4.69,25,9,0.77,70.18,350.9,0
WRK-002,Zone C,Day,4.69,25,10,0.75,55.35,276.75,0
WRK-002,Zone C,Day,4.69,25,11,0.73,50.58,252.9,0
WRK-002,Zone C,Day,4.69,25,12,0.71,52.51,210.04,0
WRK-003,Zone B,Day,4.65,32,1,0.95,108.97,435.88,0
WRK-003,Zone B,Day,4.65,32,2,0.95,120.99,846.93,0
WRK-003,Zone B,Day,4.65,32,3,0.95,124.6,373.8,0
WRK-003,Zone B,Day,4.65,32,4,0.95,118.34,710.04,0
WRK-003,Zone B,Day,4.65,32,5,0.95,130.75,784.5,0
WRK-003,Zone B,Day,4.65,32,6,0.95,100.89,302.67,0
WRK-003,Zone B,Day,4.65,32,7,0.95,98.15,392.6,0
WRK-003,Zone B,Day,4.65,32,8,0.93,86.95,608.65,0
WRK-003,Zone B,Day,4.65,32,9,0.91,86.39,604.73,0
WRK-003,Zone B,Day,4.65,32,10,0.89,84.5,591.5,0
WRK-003,Zone B,Day,4.65,32,11,0.89,123.76,866.32,0
WRK-003,Zone B,Day,4.65,32,12,0.89,93.16,465.8,0
WRK-004,Zone A,Night,4.5,17,1,0.95,126.87,507.48,0
WRK-004,Zone A,Night,4.5,17,2,0.95,92.56,277.68,0
WRK-004,Zone A,Night,4.5,17,3,0.95,115.18,345.54,0
WRK-004,Zone A,Night,4.5,17,4,0.95,112.27,561.35,0
WRK-004,Zone A,Night,4.5,17,5,0.95,123.96,371.88,0
WRK-004,Zone A,Night,4.5,17,6,0.95,124.56,498.24,0
WRK-004,Zone A,Night,4.5,17,7,0.95,126.06,756.36,0
WRK-004,Zone A,Night,4.5,17,8,0.93,88.12,616.84,0
WRK-004,Zone A,Night,4.5,17,9,0.93,95.26,571.56,0
WRK-004,Zone A,Night,4.5,17,10,0.93,110.71,442.84,0
WRK-004,Zone A,Night,4.5,17,11,0.93,93.25,559.5,0
WRK-004,Zone A,Night,4.5,17,12,0.91,85.04,255.12,0
WRK-005,Zone A,Day,4.76,31,1,0.95,102.22,511.1,0
WRK-005,Zone A,Day,4.76,31,2,0.95,122.04,366.12,0
WRK-005,Zone A,Day,4.76,31,3,0.95,103.12,721.84,0
WRK-005,Zone A,Day,4.76,31,4,0.95,127.27,763.62,0
WRK-005,Zone A,Day,4.76,31,5,0.95,102.72,719.04,0
WRK-005,Zone A,Day,4.76,31,6,0.95,131.67,921.69,0
WRK-005,Zone A,Day,4.76,31,7,0.95,133.01,665.05,0
WRK-005,Zone A,Day,4.76,31,8,0.95,123.29,369.87,0
WRK-005,Zone A,Day,4.76,31,9,0.95,109.38,437.52,0
WRK-005,Zone A,Day,4.76,31,10,0.95,115.41,807.87,0
WRK-005,Zone A,Day,4.76,31,11,0.95,91.66,274.98,0
WRK-005,Zone A,Day,4.76,31,12,0.95,125.64,502.56,0
WRK-006,Zone A,Day,4.54,8,1,0.95,128.85,386.55,0
WRK-006,Zone A,Day,4.54,8,2,0.95,102.52,410.08,0
WRK-006,Zone A,Day,4.54,8,3,0.95,102.7,513.5,0
WRK-006,Zone A,Day,4.54,8,4,0.95,122.59,858.13,0
WRK-006,Zone A,Day,4.54,8,5,0.93,87.13,261.39,0
WRK-006,Zone A,Day,4.54,8,6,0.93,101.97,305.91,0
WRK-006,Zone A,Day,4.54,8,7,0.91,83.2,499.2,0
WRK-006,Zone A,Day,4.54,8,8,0.91,116.22,813.54,0
WRK-006,Zone A,Day,4.54,8,9,0.91,123.81,866.67,0
WRK-006,Zone A,Day,4.54,8,10,0.91,106.81,747.67,0
WRK-006,Zone A,Day,4.54,8,11,0.91,121.67,486.68,0
WRK-006,Zone A,Day,4.54,8,12,0.91,98.25,687.75,0
WRK-007,Zone C,Day,4.41,50,1,0.93,70.39,211.17,0
WRK-007,Zone C,Day,4.41,50,2,0.91,83.02,581.14,0
WRK-007,Zone C,Day,4.41,50,3,0.89,60.67,182.01,0
WRK-007,Zone C,Day,4.41,50,4,0.87,71.79,287.16,0
WRK-007,Zone C,Day,4.41,50,5,0.85,61.91,247.64,0
WRK-007,Zone C,Day,4.41,50,6,0.83,64.04,320.2,0
WRK-007,Zone C,Day,4.41,50,7,0.81,63.05,378.3,0
WRK-007,Zone C,Day,4.41,50,8,0.79,68.72,412.32,0
WRK-007,Zone C,Day,4.41,50,9,0.77,60.9,137.02,1
WRK-007,Zone C,Day,4.41,50,10,0.75,55.67,175.36,1
WRK-007,Zone C,Day,4.41,50,11,0.73,59.08,106.34,1
WRK-007,Zone C,Day,4.41,50,12,0.71,61.51,369.06,0
WRK-008,Zone B,Day,4.72,52,1,0.95,133.72,534.88,0
WRK-008,Zone B,Day,4.72,52,2,0.95,116.2,581.0,0
WRK-008,Zone B,Day,4.72,52,3,0.95,93.81,375.24,0
WRK-008,Zone B,Day,4.72,52,4,0.95,105.36,316.08,0
WRK-008,Zone B,Day,4.72,52,5,0.95,124.89,749.34,0
WRK-008,Zone B,Day,4.72,52,6,0.95,103.1,412.4,0
WRK-008,Zone B,Day,4.72,52,7,0.95,128.42,898.94,0
WRK-008,Zone B,Day,4.72,52,8,0.95,125.47,501.88,0
WRK-008,Zone B,Day,4.72,52,9,0.95,131.3,525.2,0
WRK-008,Zone B,Day,4.72,52,10,0.95,124.23,745.38,0
WRK-008,Zone B,Day,4.72,52,11,0.95,110.33,441.32,0
WRK-008,Zone B,Day,4.72,52,12,0.95,117.59,470.36,0
WRK-009,Zone C,Night,4.49,33,1,0.93,59.88,299.4,0
WRK-009,Zone C,Night,4.49,33,2,0.91,64.91,324.55,0
WRK-009,Zone C,Night,4.49,33,3,0.89,51.08,153.24,0
WRK-009,Zone C,Night,4.49,33,4,0.87,59.18,295.9,0
WRK-009,Zone C,Night,4.49,33,5,0.85,50.27,301.62,0
WRK-009,Zone C,Night,4.49,33,6,0.83,50.07,150.21,0
WRK-009,Zone C,Night,4.49,33,7,0.81,64.88,324.4,0
WRK-009,Zone C,Night,4.49,33,8,0.79,54.94,219.76,0
WRK-009,Zone C,Night,4.49,33,9,0.77,55.4,277.0,0
WRK-009,Zone C,Night,4.49,33,10,0.75,42.32,296.24,0
WRK-009,Zone C,Night,4.49,33,11,0.73,47.33,189.32,0
WRK-009,Zone C,Night,4.49,33,12,0.71,42.74,299.18,0
WRK-010,Zone A,Day,4.87,49,1,0.95,117.92,825.44,0
WRK-010,Zone A,Day,4.87,49,2,0.95,113.85,455.4,0
WRK-010,Zone A,Day,4.87,49,3,0.95,133.91,401.73,0
WRK-010,Zone A,Day,4.87,49,4,0.95,115.83,810.81,0
WRK-010,Zone A,Day,4.87,49,5,0.95,107.41,429.64,0
WRK-010,Zone A,Day,4.87,49,6,0.95,129.52,388.56,0
WRK-010,Zone A,Day,4.87,49,7,0.95,124.36,621.8,0
WRK-010,Zone A,Day,4.87,49,8,0.95,135.14,945.98,0
WRK-010,Zone A,Day,4.87,49,9,0.95,92.65,555.9,0
WRK-010,Zone A,Day,4.87,49,10,0.95,129.84,389.52,0
WRK-010,Zone A,Day,4.87,49,11,0.95,120.17,721.02,0
WRK-010,Zone A,Day,4.87,49,12,0.95,102.22,408.88,0
WRK-011,Zone C,Night,4.88,8,1,0.93,77.11,308.44,0
WRK-011,Zone C,Night,4.88,8,2,0.91,75.11,375.55,0
WRK-011,Zone C,Night,4.88,8,3,0.89,60.22,301.1,0
WRK-011,Zone C,Night,4.88,8,4,0.87,75.67,378.35,0
WRK-011,Zone C,Night,4.88,8,5,0.85,64.66,452.62,0
WRK-011,Zone C,Night,4.88,8,6,0.83,71.49,357.45,0
WRK-011,Zone C,Night,4.88,8,7,0.81,58.33,174.99,0
WRK-011,Zone C,Night,4.88,8,8,0.79,64.97,389.82,0
WRK-011,Zone C,Night,4.88,8,9,0.77,46.73,140.19,0
WRK-011,Zone C,Night,4.88,8,10,0.75,64.01,256.04,0
WRK-011,Zone C,Night,4.88,8,11,0.73,55.6,166.8,0
WRK-011,Zone C,Night,4.88,8,12,0.71,61.65,369.9,0
WRK-012,Zone C,Day,4.86,15,1,0.93,78.23,312.92,0
WRK-012,Zone C,Day,4.86,15,2,0.91,86.3,604.1,0
WRK-012,Zone C,Day,4.86,15,3,0.89,75.04,450.24,0
WRK-012,Zone C,Day,4.86,15,4,0.87,75.05,300.2,0
WRK-012,Zone C,Day,4.86,15,5,0.85,73.92,221.76,0
WRK-012,Zone C,Day,4.86,15,6,0.83,72.37,289.48,0
WRK-012,Zone C,Day,4.86,15,7,0.81,62.9,377.4,0
WRK-012,Zone C,Day,4.86,15,8,0.79,71.07,284.28,0
WRK-012,Zone C,Day,4.86,15,9,0.77,58.76,293.8,0
WRK-012,Zone C,Day,4.86,15,10,0.77,78.19,547.33,0
WRK-012,Zone C,Day,4.86,15,11,0.77,76.81,537.67,0
WRK-012,Zone C,Day,4.86,15,12,0.75,53.6,321.6,0
WRK-013,Zone A,Night,4.59,19,1,0.95,124.18,372.54,0
WRK-013,Zone A,Night,4.59,19,2,0.95,90.61,453.05,0
WRK-013,Zone A,Night,4.59,19,3,0.93,86.06,602.42,0
WRK-013,Zone A,Night,4.59,19,4,0.93,127.17,508.68,0
WRK-013,Zone A,Night,4.59,19,5,0.93,109.84,549.2,0
WRK-013,Zone A,Night,4.59,19,6,0.93,122.19,366.57,0
WRK-013,Zone A,Night,4.59,19,7,0.93,106.21,531.05,0
WRK-013,Zone A,Night,4.59,19,8,0.93,120.29,481.16,0
WRK-013,Zone A,Night,4.59,19,9,0.93,109.02,436.08,0
WRK-013,Zone A,Night,4.59,19,10,0.93,97.22,583.32,0
WRK-013,Zone A,Night,4.59,19,11,0.93,94.03,376.12,0
WRK-013,Zone A,Night,4.59,19,12,0.93,99.08,495.4,0
WRK-014,Zone A,Night,4.41,29,1,0.95,92.1,552.6,0
WRK-014,Zone A,Night,4.41,29,2,0.95,93.9,281.7,0
WRK-014,Zone A,Night,4.41,29,3,0.95,109.32,765.24,0
WRK-014,Zone A,Night,4.41,29,4,0.95,104.94,629.64,0
WRK-014,Zone A,Night,4.41,29,5,0.95,97.17,485.85,0
WRK-014,Zone A,Night,4.41,29,6,0.93,84.11,336.44,0
WRK-014,Zone A,Night,4.41,29,7,0.93,100.61,704.27,0
WRK-014,Zone A,Night,4.41,29,8,0.91,82.76,496.56,0
WRK-014,Zone A,Night,4.41,29,9,0.91,88.31,353.24,0
WRK-014,Zone A,Night,4.41,29,10,0.89,81.9,573.3,0
WRK-014,Zone A,Night,4.41,29,11,0.87,76.8,230.4,0
WRK-014,Zone A,Night,4.41,29,12,0.87,99.54,497.7,0
WRK-015,Zone A,Night,4.86,29,1,0.95,108.54,325.62,0
WRK-015,Zone A,Night,4.86,29,2,0.95,131.73,790.38,0
WRK-015,Zone A,Night,4.86,29,3,0.95,137.01,959.07,0
WRK-015,Zone A,Night,4.86,29,4,0.95,126.19,378.57,0
WRK-015,Zone A,Night,4.86,29,5,0.95,101.89,509.45,0
WRK-015,Zone A,Night,4.86,29,6,0.95,95.49,572.94,0
WRK-015,Zone A,Night,4.86,29,7,0.95,131.32,656.6,0
WRK-015,Zone A,Night,4.86,29,8,0.95,129.17,775.02,0
WRK-015,Zone A,Night,4.86,29,9,0.95,99.98,699.86,0
WRK-015,Zone A,Night,4.86,29,10,0.95,101.03,505.15,0
WRK-015,Zone A,Night,4.86,29,11,0.95,123.16,492.64,0
WRK-015,Zone A,Night,4.86,29,12,0.95,134.37,403.11,0
WRK-016,Zone B,Night,4.61,51,1,0.95,126.12,378.36,0
WRK-016,Zone B,Night,4.61,51,2,0.95,117.61,588.05,0
WRK-016,Zone B,Night,4.61,51,3,0.95,115.02,345.06,0
WRK-016,Zone B,Night,4.61,51,4,0.95,120.44,361.32,0
WRK-016,Zone B,Night,4.61,51,5,0.95,97.85,293.55,0
WRK-016,Zone B,Night,4.61,51,6,0.95,104.83,419.32,0
WRK-016,Zone B,Night,4.61,51,7,0.95,111.49,557.45,0
WRK-016,Zone B,Night,4.61,51,8,0.95,111.46,557.3,0
WRK-016,Zone B,Night,4.61,51,9,0.95,115.18,460.72,0
WRK-016,Zone B,Night,4.61,51,10,0.95,93.77,656.39,0
WRK-016,Zone B,Night,4.61,51,11,0.95,109.38,546.9,0
WRK-016,Zone B,Night,4.61,51,12,0.95,122.24,366.72,0
WRK-017,Zone B,Day,4.88,24,1,0.95,107.24,750.68,0
WRK-017,Zone B,Day,4.88,24,2,0.95,128.9,386.7,0
WRK-017,Zone B,Day,4.88,24,3,0.95,94.34,377.36,0
WRK-017,Zone B,Day,4.88,24,4,0.95,128.15,640.75,0
WRK-017,Zone B,Day,4.88,24,5,0.95,127.79,894.53,0
WRK-017,Zone B,Day,4.88,24,6,0.95,97.92,587.52,0
WRK-017,Zone B,Day,4.88,24,7,0.95,113.98,683.88,0
WRK-017,Zone B,Day,4.88,24,8,0.95,111.21,778.47,0
WRK-017,Zone B,Day,4.88,24,9,0.95,117.83,824.81,0
WRK-017,Zone B,Day,4.88,24,10,0.95,103.42,620.52,0
WRK-017,Zone B,Day,4.88,24,11,0.95,128.59,642.95,0
WRK-017,Zone B,Day,4.88,24,12,0.95,122.53,612.65,0
WRK-018,Zone B,Night,4.88,42,1,0.95,118.98,475.92,0
WRK-018,Zone B,Night,4.88,42,2,0.95,104.43,731.01,0
WRK-018,Zone B,Night,4.88,42,3,0.95,131.1,524.4,0
WRK-018,Zone B,Night,4.88,42,4,0.95,108.64,434.56,0
WRK-018,Zone B,Night,4.88,42,5,0.95,136.69,820.14,0
WRK-018,Zone B,Night,4.88,42,6,0.95,135.04,540.16,0
WRK-018,Zone B,Night,4.88,42,7,0.95,121.11,726.66,0
WRK-018,Zone B,Night,4.88,42,8,0.95,120.25,721.5,0
WRK-018,Zone B,Night,4.88,42,9,0.95,118.96,713.76,0
WRK-018,Zone B,Night,4.88,42,10,0.95,129.4,905.8,0
WRK-018,Zone B,Night,4.88,42,11,0.95,125.55,502.2,0
WRK-018,Zone B,Night,4.88,42,12,0.95,128.52,514.08,0
WRK-019,Zone A,Day,4.83,39,1,0.95,94.86,474.3,0
WRK-019,Zone A,Day,4.83,39,2,0.95,125.47,376.41,0
WRK-019,Zone A,Day,4.83,39,3,0.95,134.14,402.42,0
WRK-019,Zone A,Day,4.83,39,4,0.95,96.9,678.3,0
WRK-019,Zone A,Day,4.83,39,5,0.95,99.29,595.74,0
WRK-019,Zone A,Day,4.83,39,6,0.95,97.42,292.26,0
WRK-019,Zone A,Day,4.83,39,7,0.95,106.93,534.65,0
WRK-019,Zone A,Day,4.83,39,8,0.95,118.81,831.67,0
WRK-019,Zone A,Day,4.83,39,9,0.95,109.1,763.7,0
WRK-019,Zone A,Day,4.83,39,10,0.95,107.07,642.42,0
WRK-019,Zone A,Day,4.83,39,11,0.95,127.83,511.32,0
WRK-019,Zone A,Day,4.83,39,12,0.95,107.0,642.0,0
WRK-020,Zone B,Night,4.55,36,1,0.95,109.61,548.05,0
WRK-020,Zone B,Night,4.55,36,2,0.95,126.27,505.08,0
WRK-020,Zone B,Night,4.55,36,3,0.95,107.17,535.85,0
WRK-020,Zone B,Night,4.55,36,4,0.95,105.93,529.65,0
WRK-020,Zone B,Night,4.55,36,5,0.93,85.97,429.85,0
WRK-020,Zone B,Night,4.55,36,6,0.93,90.54,271.62,0
WRK-020,Zone B,Night,4.55,36,7,0.93,105.65,739.55,0
WRK-020,Zone B,Night,4.55,36,8,0.93,123.27,369.81,0
WRK-020,Zone B,Night,4.55,36,9,0.93,117.58,587.9,0
WRK-020,Zone B,Night,4.55,36,10,0.93,111.32,667.92,0
WRK-020,Zone B,Night,4.55,36,11,0.93,93.57,280.71,0
WRK-020,Zone B,Night,4.55,36,12,0.93,92.11,552.66,0
WRK-021,Zone A,Night,4.59,33,1,0.95,107.28,643.68,0
WRK-021,Zone A,Night,4.59,33,2,0.95,105.35,632.1,0
WRK-021,Zone A,Night,4.59,33,3,0.95,110.6,331.8,0
WRK-021,Zone A,Night,4.59,33,4,0.95,100.33,702.31,0
WRK-021,Zone A,Night,4.59,33,5,0.95,104.59,522.95,0
WRK-021,Zone A,Night,4.59,33,6,0.95,96.42,482.1,0
WRK-021,Zone A,Night,4.59,33,7,0.95,102.5,717.5,0
WRK-021,Zone A,Night,4.59,33,8,0.95,114.53,801.71,0
WRK-021,Zone A,Night,4.59,33,9,0.95,107.85,539.25,0
WRK-021,Zone A,Night,4.59,33,10,0.93,88.23,441.15,0
WRK-021,Zone A,Night,4.59,33,11,0.93,104.78,419.12,0
WRK-021,Zone A,Night,4.59,33,12,0.93,108.25,324.75,0
WRK-022,Zone A,Day,4.83,40,1,0.95,110.06,550.3,0
WRK-022,Zone A,Day,4.83,40,2,0.95,98.8,296.4,0
WRK-022,Zone A,Day,4.83,40,3,0.95,107.01,535.05,0
WRK-022,Zone A,Day,4.83,40,4,0.95,108.8,435.2,0
WRK-022,Zone A,Day,4.83,40,5,0.95,132.83,531.32,0
WRK-022,Zone A,Day,4.83,40,6,0.95,110.42,662.52,0
WRK-022,Zone A,Day,4.83,40,7,0.95,130.18,911.26,0
WRK-022,Zone A,Day,4.83,40,8,0.95,110.39,331.17,0
WRK-022,Zone A,Day,4.83,40,9,0.95,101.86,509.3,0
WRK-022,Zone A,Day,4.83,40,10,0.95,114.86,344.58,0
WRK-022,Zone A,Day,4.83,40,11,0.95,128.36,641.8,0
WRK-022,Zone A,Day,4.83,40,12,0.95,132.37,794.22,0
WRK-023,Zone B,Day,4.56,26,1,0.95,96.93,387.72,0
WRK-023,Zone B,Day,4.56,26,2,0.95,121.49,607.45,0
WRK-023,Zone B,Day,4.56,26,3,0.95,128.3,769.8,0
WRK-023,Zone B,Day,4.56,26,4,0.95,115.54,808.78,0
WRK-023,Zone B,Day,4.56,26,5,0.95,104.21,416.84,0
WRK-023,Zone B,Day,4.56,26,6,0.93,85.34,256.02,0
WRK-023,Zone B,Day,4.56,26,7,0.93,93.6,468.0,0
WRK-023,Zone B,Day,4.56,26,8,0.93,89.99,449.95,0
WRK-023,Zone B,Day,4.56,26,9,0.93,109.5,657.0,0
WRK-023,Zone B,Day,4.56,26,10,0.93,114.63,343.89,0
WRK-023,Zone B,Day,4.56,26,11,0.93,119.44,716.64,0
WRK-023,Zone B,Day,4.56,26,12,0.93,99.03,396.12,0
WRK-024,Zone B,Day,4.48,13,1,0.95,100.68,604.08,0
WRK-024,Zone B,Day,4.48,13,2,0.95,120.6,844.2,0
WRK-024,Zone B,Day,4.48,13,3,0.95,102.65,307.95,0
WRK-024,Zone B,Day,4.48,13,4,0.95,103.79,622.74,0
WRK-024,Zone B,Day,4.48,13,5,0.95,94.56,378.24,0
WRK-024,Zone B,Day,4.48,13,6,0.95,117.74,353.22,0
WRK-024,Zone B,Day,4.48,13,7,0.95,122.21,611.05,0
WRK-024,Zone B,Day,4.48,13,8,0.95,123.32,369.96,0
WRK-024,Zone B,Day,4.48,13,9,0.95,105.86,317.58,0
WRK-024,Zone B,Day,4.48,13,10,0.95,96.66,386.64,0
WRK-024,Zone B,Day,4.48,13,11,0.95,112.2,336.6,0
WRK-024,Zone B,Day,4.48,13,12,0.95,91.15,455.75,0
WRK-025,Zone C,Day,4.68,8,1,0.93,73.76,295.04,0
WRK-025,Zone C,Day,4.68,8,2,0.91,75.27,526.89,0
WRK-025,Zone C,Day,4.68,8,3,0.89,78.44,549.08,0
WRK-025,Zone C,Day,4.68,8,4,0.87,57.51,230.04,0
WRK-025,Zone C,Day,4.68,8,5,0.85,70.42,281.68,0
WRK-025,Zone C,Day,4.68,8,6,0.83,70.03,280.12,0
WRK-025,Zone C,Day,4.68,8,7,0.81,67.75,203.25,0
WRK-025,Zone C,Day,4.68,8,8,0.79,64.61,387.66,0
WRK-025,Zone C,Day,4.68,8,9,0.77,55.64,222.56,0
WRK-025,Zone C,Day,4.68,8,10,0.75,52.56,262.8,0
WRK-025,Zone C,Day,4.68,8,11,0.73,69.33,346.65,0
WRK-025,Zone C,Day,4.68,8,12,0.71,60.39,362.34,0
WRK-026,Zone A,Night,4.87,39,1,0.95,121.77,852.39,0
WRK-026,Zone A,Night,4.87,39,2,0.95,100.6,704.2,0
WRK-026,Zone A,Night,4.87,39,3,0.95,131.25,918.75,0
WRK-026,Zone A,Night,4.87,39,4,0.95,110.21,440.84,0
WRK-026,Zone A,Night,4.87,39,5,0.95,112.01,448.04,0
WRK-026,Zone A,Night,4.87,39,6,0.95,100.18,500.9,0
WRK-026,Zone A,Night,4.87,39,7,0.95,101.02,707.14,0
WRK-026,Zone A,Night,4.87,39,8,0.95,120.39,481.56,0
WRK-026,Zone A,Night,4.87,39,9,0.95,95.65,478.25,0
WRK-026,Zone A,Night,4.87,39,10,0.95,105.84,635.04,0
WRK-026,Zone A,Night,4.87,39,11,0.95,125.75,628.75,0
WRK-026,Zone A,Night,4.87,39,12,0.95,136.4,954.8,0
WRK-027,Zone B,Night,4.75,37,1,0.95,112.03,448.12,0
WRK-027,Zone B,Night,4.75,37,2,0.95,91.62,549.72,0
WRK-027,Zone B,Night,4.75,37,3,0.95,97.52,585.12,0
WRK-027,Zone B,Night,4.75,37,4,0.95,92.53,462.65,0
WRK-027,Zone B,Night,4.75,37,5,0.95,117.13,468.52,0
WRK-027,Zone B,Night,4.75,37,6,0.95,118.33,473.32,0
WRK-027,Zone B,Night,4.75,37,7,0.95,95.02,285.06,0
WRK-027,Zone B,Night,4.75,37,8,0.95,106.07,318.21,0
WRK-027,Zone B,Night,4.75,37,9,0.95,112.56,562.8,0
WRK-027,Zone B,Night,4.75,37,10,0.95,117.2,351.6,0
WRK-027,Zone B,Night,4.75,37,11,0.95,101.33,506.65,0
WRK-027,Zone B,Night,4.75,37,12,0.95,93.72,562.32,0
WRK-028,Zone B,Day,4.69,34,1,0.95,119.93,479.72,0
WRK-028,Zone B,Day,4.69,34,2,0.95,93.6,655.2,0
WRK-028,Zone B,Day,4.69,34,3,0.95,93.09,465.45,0
WRK-028,Zone B,Day,4.69,34,4,0.95,131.84,395.52,0
WRK-028,Zone B,Day,4.69,34,5,0.95,131.31,393.93,0
WRK-028,Zone B,Day,4.69,34,6,0.95,97.26,486.3,0
WRK-028,Zone B,Day,4.69,34,7,0.95,121.61,851.27,0
WRK-028,Zone B,Day,4.69,34,8,0.95,122.8,859.6,0
WRK-028,Zone B,Day,4.69,34,9,0.95,119.83,359.49,0
WRK-028,Zone B,Day,4.69,34,10,0.95,129.22,775.32,0
WRK-028,Zone B,Day,4.69,34,11,0.95,98.86,395.44,0
WRK-028,Zone B,Day,4.69,34,12,0.95,91.31,365.24,0
WRK-029,Zone A,Day,4.45,13,1,0.93,84.37,337.48,0
WRK-029,Zone A,Day,4.45,13,2,0.93,107.08,321.24,0
WRK-029,Zone A,Day,4.45,13,3,0.93,90.21,631.47,0
WRK-029,Zone A,Day,4.45,13,4,0.93,102.32,716.24,0
WRK-029,Zone A,Day,4.45,13,5,0.93,112.99,564.95,0
WRK-029,Zone A,Day,4.45,13,6,0.93,120.99,483.96,0
WRK-029,Zone A,Day,4.45,13,7,0.93,100.19,701.33,0
WRK-029,Zone A,Day,4.45,13,8,0.93,102.36,614.16,0
WRK-029,Zone A,Day,4.45,13,9,0.93,117.68,470.72,0
WRK-029,Zone A,Day,4.45,13,10,0.93,104.36,313.08,0
WRK-029,Zone A,Day,4.45,13,11,0.93,109.64,548.2,0
WRK-029,Zone A,Day,4.45,13,12,0.93,105.94,741.58,0
WRK-030,Zone B,Day,4.71,22,1,0.95,92.88,650.16,0
WRK-030,Zone B,Day,4.71,22,2,0.95,113.16,452.64,0
WRK-030,Zone B,Day,4.71,22,3,0.95,121.86,731.16,0
WRK-030,Zone B,Day,4.71,22,4,0.95,115.04,345.12,0
WRK-030,Zone B,Day,4.71,22,5,0.95,113.52,340.56,0
WRK-030,Zone B,Day,4.71,22,6,0.95,122.44,367.32,0
WRK-030,Zone B,Day,4.71,22,7,0.95,129.06,516.24,0
WRK-030,Zone B,Day,4.71,22,8,0.95,128.65,514.6,0
WRK-030,Zone B,Day,4.71,22,9,0.95,90.53,362.12,0
WRK-030,Zone B,Day,4.71,22,10,0.95,133.73,668.65,0
WRK-030,Zone B,Day,4.71,22,11,0.95,128.56,899.92,0
WRK-030,Zone B,Day,4.71,22,12,0.95,106.61,533.05,0
WRK-031,Zone A,Day,4.9,35,1,0.95,96.26,577.56,0
WRK-031,Zone A,Day,4.9,35,2,0.95,95.46,286.38,0
WRK-031,Zone A,Day,4.9,35,3,0.95,111.7,781.9,0
WRK-031,Zone A,Day,4.9,35,4,0.95,115.32,691.92,0
WRK-031,Zone A,Day,4.9,35,5,0.95,138.77,555.08,0
WRK-031,Zone A,Day,4.9,35,6,0.95,97.27,583.62,0
WRK-031,Zone A,Day,4.9,35,7,0.95,127.31,381.93,0
WRK-031,Zone A,Day,4.9,35,8,0.95,98.14,392.56,0
WRK-031,Zone A,Day,4.9,35,9,0.95,106.78,747.46,0
WRK-031,Zone A,Day,4.9,35,10,0.95,94.96,284.88,0
WRK-031,Zone A,Day,4.9,35,11,0.95,135.34,406.02,0
WRK-031,Zone A,Day,4.9,35,12,0.95,98.1,294.3,0
WRK-032,Zone A,Day,4.47,4,1,0.95,113.79,682.74,0
WRK-032,Zone A,Day,4.47,4,2,0.95,125.55,878.85,0
WRK-032,Zone A,Day,4.47,4,3,0.95,118.32,591.6,0
WRK-032,Zone A,Day,4.47,4,4,0.95,109.92,549.6,0
WRK-032,Zone A,Day,4.47,4,5,0.95,123.31,493.24,0
WRK-032,Zone A,Day,4.47,4,6,0.95,92.02,552.12,0
WRK-032,Zone A,Day,4.47,4,7,0.93,85.84,515.04,0
WRK-032,Zone A,Day,4.47,4,8,0.93,117.97,825.79,0
WRK-032,Zone A,Day,4.47,4,9,0.93,117.67,470.68,0
WRK-032,Zone A,Day,4.47,4,10,0.91,83.26,249.78,0
WRK-032,Zone A,Day,4.47,4,11,0.91,90.32,270.96,0
WRK-032,Zone A,Day,4.47,4,12,0.91,120.29,842.03,0
WRK-033,Zone C,Night,4.66,8,1,0.93,54.93,164.79,0
WRK-033,Zone C,Night,4.66,8,2,0.91,65.77,394.62,0
WRK-033,Zone C,Night,4.66,8,3,0.89,76.5,535.5,0
WRK-033,Zone C,Night,4.66,8,4,0.87,56.44,282.2,0
WRK-033,Zone C,Night,4.66,8,5,0.85,67.29,201.87,0
WRK-033,Zone C,Night,4.66,8,6,0.83,51.31,256.55,0
WRK-033,Zone C,Night,4.66,8,7,0.81,51.71,361.97,0
WRK-033,Zone C,Night,4.66,8,8,0.79,57.52,172.56,0
WRK-033,Zone C,Night,4.66,8,9,0.77,63.98,447.86,0
WRK-033,Zone C,Night,4.66,8,10,0.75,45.02,135.06,0
WRK-033,Zone C,Night,4.66,8,11,0.73,50.1,250.5,0
WRK-033,Zone C,Night,4.66,8,12,0.71,43.39,130.17,0
WRK-034,Zone C,Day,4.84,48,1,0.93,64.4,257.6,0
WRK-034,Zone C,Day,4.84,48,2,0.93,90.16,270.48,0
WRK-034,Zone C,Day,4.84,48,3,0.91,71.79,215.37,0
WRK-034,Zone C,Day,4.84,48,4,0.89,76.9,384.5,0
WRK-034,Zone C,Day,4.84,48,5,0.87,67.23,403.38,0
WRK-034,Zone C,Day,4.84,48,6,0.85,68.31,341.55,0
WRK-034,Zone C,Day,4.84,48,7,0.83,76.56,306.24,0
WRK-034,Zone C,Day,4.84,48,8,0.81,69.48,486.36,0
WRK-034,Zone C,Day,4.84,48,9,0.79,59.41,415.87,0
WRK-034,Zone C,Day,4.84,48,10,0.79,77.45,542.15,0
WRK-034,Zone C,Day,4.84,48,11,0.79,76.29,534.03,0
WRK-034,Zone C,Day,4.84,48,12,0.77,64.69,452.83,0
WRK-035,Zone C,Day,4.77,7,1,0.95,92.2,461.0,0
WRK-035,Zone C,Day,4.77,7,2,0.93,72.91,291.64,0
WRK-035,Zone C,Day,4.77,7,3,0.91,77.3,541.1,0
WRK-035,Zone C,Day,4.77,7,4,0.89,67.37,336.85,0
WRK-035,Zone C,Day,4.77,7,5,0.89,85.24,511.44,0
WRK-035,Zone C,Day,4.77,7,6,0.89,84.72,423.6,0
WRK-035,Zone C,Day,4.77,7,7,0.87,62.76,439.32,0
WRK-035,Zone C,Day,4.77,7,8,0.85,80.53,241.59,0
WRK-035,Zone C,Day,4.77,7,9,0.85,83.17,224.56,1
WRK-035,Zone C,Day,4.77,7,10,0.83,72.58,195.97,1
WRK-035,Zone C,Day,4.77,7,11,0.81,58.39,131.38,1
WRK-035,Zone C,Day,4.77,7,12,0.81,80.1,240.3,0
WRK-036,Zone B,Day,4.75,19,1,0.95,91.54,366.16,0
WRK-036,Zone B,Day,4.75,19,2,0.95,96.04,480.2,0
WRK-036,Zone B,Day,4.75,19,3,0.95,100.54,402.16,0
WRK-036,Zone B,Day,4.75,19,4,0.95,127.12,889.84,0
WRK-036,Zone B,Day,4.75,19,5,0.95,113.11,452.44,0
WRK-036,Zone B,Day,4.75,19,6,0.95,103.17,515.85,0
WRK-036,Zone B,Day,4.75,19,7,0.95,134.48,403.44,0
WRK-036,Zone B,Day,4.75,19,8,0.95,95.45,381.8,0
WRK-036,Zone B,Day,4.75,19,9,0.95,118.82,831.74,0
WRK-036,Zone B,Day,4.75,19,10,0.95,125.4,627.0,0
WRK-036,Zone B,Day,4.75,19,11,0.95,124.55,498.2,0
WRK-036,Zone B,Day,4.75,19,12,0.95,109.72,438.88,0
WRK-037,Zone A,Night,4.75,27,1,0.95,105.7,634.2,0
WRK-037,Zone A,Night,4.75,27,2,0.95,98.38,688.66,0
WRK-037,Zone A,Night,4.75,27,3,0.95,94.9,569.4,0
WRK-037,Zone A,Night,4.75,27,4,0.95,98.12,588.72,0
WRK-037,Zone A,Night,4.75,27,5,0.95,93.34,466.7,0
WRK-037,Zone A,Night,4.75,27,6,0.95,97.78,586.68,0
WRK-037,Zone A,Night,4.75,27,7,0.95,93.31,373.24,0
WRK-037,Zone A,Night,4.75,27,8,0.95,111.65,446.6,0
WRK-037,Zone A,Night,4.75,27,9,0.95,93.65,374.6,0
WRK-037,Zone A,Night,4.75,27,10,0.95,129.61,907.27,0
WRK-037,Zone A,Night,4.75,27,11,0.95,110.4,552.0,0
WRK-037,Zone A,Night,4.75,27,12,0.95,96.15,673.05,0
WRK-038,Zone B,Day,4.58,19,1,0.95,103.71,725.97,0
WRK-038,Zone B,Day,4.58,19,2,0.93,86.13,430.65,0
WRK-038,Zone B,Day,4.58,19,3,0.93,95.94,383.76,0
WRK-038,Zone B,Day,4.58,19,4,0.93,91.95,367.8,0
WRK-038,Zone B,Day,4.58,19,5,0.93,127.65,382.95,0
WRK-038,Zone B,Day,4.58,19,6,0.93,89.54,268.62,0
WRK-038,Zone B,Day,4.58,19,7,0.93,92.15,645.05,0
WRK-038,Zone B,Day,4.58,19,8,0.93,114.73,688.38,0
WRK-038,Zone B,Day,4.58,19,9,0.93,120.96,725.76,0
WRK-038,Zone B,Day,4.58,19,10,0.93,113.06,565.3,0
WRK-038,Zone B,Day,4.58,19,11,0.93,122.16,732.96,0
WRK-038,Zone B,Day,4.58,19,12,0.91,84.66,592.62,0
WRK-039,Zone B,Night,4.55,5,1,0.95,127.15,890.05,0
WRK-039,Zone B,Night,4.55,5,2,0.95,113.97,569.85,0
WRK-039,Zone B,Night,4.55,5,3,0.95,98.23,491.15,0
WRK-039,Zone B,Night,4.55,5,4,0.95,99.86,399.44,0
WRK-039,Zone B,Night,4.55,5,5,0.95,125.01,500.04,0
WRK-039,Zone B,Night,4.55,5,6,0.95,95.59,286.77,0
WRK-039,Zone B,Night,4.55,5,7,0.95,114.54,687.24,0
WRK-039,Zone B,Night,4.55,5,8,0.95,110.7,664.2,0
WRK-039,Zone B,Night,4.55,5,9,0.95,106.83,640.98,0
WRK-039,Zone B,Night,4.55,5,10,0.95,94.4,283.2,0
WRK-039,Zone B,Night,4.55,5,11,0.95,90.33,451.65,0
WRK-039,Zone B,Night,4.55,5,12,0.95,122.88,737.28,0
WRK-040,Zone A,Night,4.8,52,1,0.95,92.1,644.7,0
WRK-040,Zone A,Night,4.8,52,2,0.95,97.28,680.96,0
WRK-040,Zone A,Night,4.8,52,3,0.95,132.91,531.64,0
WRK-040,Zone A,Night,4.8,52,4,0.95,119.44,358.32,0
WRK-040,Zone A,Night,4.8,52,5,0.95,91.35,274.05,0
WRK-040,Zone A,Night,4.8,52,6,0.95,119.01,714.06,0
WRK-040,Zone A,Night,4.8,52,7,0.95,110.93,332.79,0
WRK-040,Zone A,Night,4.8,52,8,0.95,98.63,690.41,0
WRK-040,Zone A,Night,4.8,52,9,0.95,103.57,517.85,0
WRK-040,Zone A,Night,4.8,52,10,0.95,136.22,408.66,0
WRK-040,Zone A,Night,4.8,52,11,0.95,91.82,367.28,0
WRK-040,Zone A,Night,4.8,52,12,0.95,122.35,489.4,0
WRK-041,Zone B,Day,4.81,31,1,0.95,113.2,566.0,0
WRK-041,Zone B,Day,4.81,31,2,0.95,123.02,369.06,0
WRK-041,Zone B,Day,4.81,31,3,0.95,134.78,404.34,0
WRK-041,Zone B,Day,4.81,31,4,0.95,93.1,465.5,0
WRK-041,Zone B,Day,4.81,31,5,0.95,96.09,288.27,0
WRK-041,Zone B,Day,4.81,31,6,0.95,95.99,575.94,0
WRK-041,Zone B,Day,4.81,31,7,0.95,123.36,493.44,0
WRK-041,Zone B,Day,4.81,31,8,0.95,126.71,506.84,0
WRK-041,Zone B,Day,4.81,31,9,0.95,106.2,424.8,0
WRK-041,Zone B,Day,4.81,31,10,0.95,115.68,347.04,0
WRK-041,Zone B,Day,4.81,31,11,0.95,107.3,321.9,0
WRK-041,Zone B,Day,4.81,31,12,0.95,128.93,515.72,0
WRK-042,Zone A,Day,4.83,35,1,0.95,110.06,440.24,0
WRK-042,Zone A,Day,4.83,35,2,0.95,136.72,546.88,0
WRK-042,Zone A,Day,4.83,35,3,0.95,123.5,494.0,0
WRK-042,Zone A,Day,4.83,35,4,0.95,129.56,518.24,0
WRK-042,Zone A,Day,4.83,35,5,0.95,99.53,298.59,0
WRK-042,Zone A,Day,4.83,35,6,0.95,135.53,948.71,0
WRK-042,Zone A,Day,4.83,35,7,0.95,124.28,372.84,0
WRK-042,Zone A,Day,4.83,35,8,0.95,134.83,404.49,0
WRK-042,Zone A,Day,4.83,35,9,0.95,124.4,497.6,0
WRK-042,Zone A,Day,4.83,35,10,0.95,120.55,723.3,0
WRK-042,Zone A,Day,4.83,35,11,0.95,107.42,537.1,0
WRK-042,Zone A,Day,4.83,35,12,0.95,114.08,570.4,0
WRK-043,Zone C,Night,4.86,30,1,0.93,80.54,483.24,0
WRK-043,Zone C,Night,4.86,30,2,0.91,70.71,282.84,0
WRK-043,Zone C,Night,4.86,30,3,0.89,66.06,198.18,0
WRK-043,Zone C,Night,4.86,30,4,0.87,56.32,281.6,0
WRK-043,Zone C,Night,4.86,30,5,0.85,69.29,415.74,0
WRK-043,Zone C,Night,4.86,30,6,0.83,55.8,390.6,0
WRK-043,Zone C,Night,4.86,30,7,0.81,60.08,300.4,0
WRK-043,Zone C,Night,4.86,30,8,0.79,52.45,314.7,0
WRK-043,Zone C,Night,4.86,30,9,0.77,63.22,442.54,0
WRK-043,Zone C,Night,4.86,30,10,0.75,62.59,312.95,0
WRK-043,Zone C,Night,4.86,30,11,0.73,47.21,188.84,0
WRK-043,Zone C,Night,4.86,30,12,0.71,56.36,394.52,0
WRK-044,Zone A,Day,4.66,23,1,0.95,132.52,397.56,0
WRK-044,Zone A,Day,4.66,23,2,0.95,110.27,661.62,0
WRK-044,Zone A,Day,4.66,23,3,0.95,97.28,486.4,0
WRK-044,Zone A,Day,4.66,23,4,0.95,98.21,294.63,0
WRK-044,Zone A,Day,4.66,23,5,0.95,125.63,376.89,0
WRK-044,Zone A,Day,4.66,23,6,0.95,126.86,507.44,0
WRK-044,Zone A,Day,4.66,23,7,0.95,121.31,727.86,0
WRK-044,Zone A,Day,4.66,23,8,0.95,116.27,697.62,0
WRK-044,Zone A,Day,4.66,23,9,0.95,104.87,629.22,0
WRK-044,Zone A,Day,4.66,23,10,0.95,110.79,443.16,0
WRK-044,Zone A,Day,4.66,23,11,0.95,126.81,380.43,0
WRK-044,Zone A,Day,4.66,23,12,0.95,107.86,755.02,0
WRK-045,Zone B,Day,4.65,27,1,0.95,105.84,635.04,0
WRK-045,Zone B,Day,4.65,27,2,0.95,126.95,507.8,0
WRK-045,Zone B,Day,4.65,27,3,0.95,123.4,493.6,0
WRK-045,Zone B,Day,4.65,27,4,0.95,132.2,528.8,0
WRK-045,Zone B,Day,4.65,27,5,0.95,128.67,772.02,0
WRK-045,Zone B,Day,4.65,27,6,0.95,105.32,421.28,0
WRK-045,Zone B,Day,4.65,27,7,0.95,116.27,348.81,0
WRK-045,Zone B,Day,4.65,27,8,0.95,94.18,565.08,0
WRK-045,Zone B,Day,4.65,27,9,0.95,128.53,514.12,0
WRK-045,Zone B,Day,4.65,27,10,0.95,98.86,395.44,0
WRK-045,Zone B,Day,4.65,27,11,0.95,96.36,674.52,0
WRK-045,Zone B,Day,4.65,27,12,0.95,91.42,274.26,0
WRK-046,Zone B,Night,4.8,15,1,0.95,102.46,614.76,0
WRK-046,Zone B,Night,4.8,15,2,0.95,109.65,328.95,0
WRK-046,Zone B,Night,4.8,15,3,0.95,121.39,364.17,0
WRK-046,Zone B,Night,4.8,15,4,0.95,109.01,327.03,0
WRK-046,Zone B,Night,4.8,15,5,0.95,109.38,546.9,0
WRK-046,Zone B,Night,4.8,15,6,0.95,121.13,363.39,0
WRK-046,Zone B,Night,4.8,15,7,0.95,126.45,758.7,0
WRK-046,Zone B,Night,4.8,15,8,0.95,135.4,677.0,0
WRK-046,Zone B,Night,4.8,15,9,0.95,131.47,525.88,0
WRK-046,Zone B,Night,4.8,15,10,0.95,111.64,669.84,0
WRK-046,Zone B,Night,4.8,15,11,0.95,128.97,386.91,0
WRK-046,Zone B,Night,4.8,15,12,0.95,111.67,558.35,0
WRK-047,Zone B,Day,4.72,38,1,0.95,132.35,397.05,0
WRK-047,Zone B,Day,4.72,38,2,0.95,97.27,583.62,0
WRK-047,Zone B,Day,4.72,38,3,0.95,106.8,534.0,0
WRK-047,Zone B,Day,4.72,38,4,0.95,122.83,859.81,0
WRK-047,Zone B,Day,4.72,38,5,0.95,113.72,341.16,0
WRK-047,Zone B,Day,4.72,38,6,0.95,127.67,766.02,0
WRK-047,Zone B,Day,4.72,38,7,0.95,109.81,658.86,0
WRK-047,Zone B,Day,4.72,38,8,0.95,114.01,684.06,0
WRK-047,Zone B,Day,4.72,38,9,0.95,101.88,407.52,0
WRK-047,Zone B,Day,4.72,38,10,0.95,95.29,667.03,0
WRK-047,Zone B,Day,4.72,38,11,0.95,131.82,922.74,0
WRK-047,Zone B,Day,4.72,38,12,0.95,118.5,592.5,0
WRK-048,Zone B,Day,4.75,36,1,0.95,110.68,774.76,0
WRK-048,Zone B,Day,4.75,36,2,0.95,94.27,282.81,0
WRK-048,Zone B,Day,4.75,36,3,0.95,113.16,678.96,0
WRK-048,Zone B,Day,4.75,36,4,0.95,96.96,678.72,0
WRK-048,Zone B,Day,4.75,36,5,0.95,111.93,559.65,0
WRK-048,Zone B,Day,4.75,36,6,0.95,90.49,361.96,0
WRK-048,Zone B,Day,4.75,36,7,0.95,104.85,733.95,0
WRK-048,Zone B,Day,4.75,36,8,0.95,129.44,647.2,0
WRK-048,Zone B,Day,4.75,36,9,0.95,112.33,673.98,0
WRK-048,Zone B,Day,4.75,36,10,0.95,114.29,800.03,0
WRK-048,Zone B,Day,4.75,36,11,0.95,96.75,387.0,0
WRK-048,Zone B,Day,4.75,36,12,0.95,99.38,397.52,0
WRK-049,Zone A,Day,4.8,36,1,0.95,99.74,698.18,0
WRK-049,Zone A,Day,4.8,36,2,0.95,111.39,779.73,0
WRK-049,Zone A,Day,4.8,36,3,0.95,135.07,540.28,0
WRK-049,Zone A,Day,4.8,36,4,0.95,121.32,485.28,0
WRK-049,Zone A,Day,4.8,36,5,0.95,108.22,432.88,0
WRK-049,Zone A,Day,4.8,36,6,0.95,102.29,409.16,0
WRK-049,Zone A,Day,4.8,36,7,0.95,130.76,392.28,0
WRK-049,Zone A,Day,4.8,36,8,0.95,92.55,277.65,0
WRK-049,Zone A,Day,4.8,36,9,0.95,122.59,367.77,0
WRK-049,Zone A,Day,4.8,36,10,0.95,118.54,829.78,0
WRK-049,Zone A,Day,4.8,36,11,0.95,121.56,364.68,0
WRK-049,Zone A,Day,4.8,36,12,0.95,96.02,576.12,0
WRK-050,Zone C,Night,4.85,46,1,0.93,59.93,179.79,0
WRK-050,Zone C,Night,4.85,46,2,0.91,77.85,233.55,0
WRK-050,Zone C,Night,4.85,46,3,0.89,76.25,228.75,0
WRK-050,Zone C,Night,4.85,46,4,0.87,54.28,162.84,0
WRK-050,Zone C,Night,4.85,46,5,0.85,53.5,214.0,0
WRK-050,Zone C,Night,4.85,46,6,0.83,59.55,357.3,0
WRK-050,Zone C,Night,4.85,46,7,0.81,64.49,257.96,0
WRK-050,Zone C,Night,4.85,46,8,0.79,65.13,195.39,0
WRK-050,Zone C,Night,4.85,46,9,0.77,53.25,372.75,0
WRK-050,Zone C,Night,4.85,46,10,0.75,63.07,189.21,0
WRK-050,Zone C,Night,4.85,46,11,0.73,50.73,152.19,0
WRK-050,Zone C,Night,4.85,46,12,0.71,50.15,351.05,0
WRK-051,Zone C,Night,4.57,40,1,0.93,62.31,436.17,0
WRK-051,Zone C,Night,4.57,40,2,0.91,62.72,188.16,0
WRK-051,Zone C,Night,4.57,40,3,0.89,63.77,318.85,0
WRK-051,Zone C,Night,4.57,40,4,0.87,54.54,218.16,0
WRK-051,Zone C,Night,4.57,40,5,0.85,61.89,247.56,0
WRK-051,Zone C,Night,4.57,40,6,0.83,64.46,193.38,0
WRK-051,Zone C,Night,4.57,40,7,0.81,54.25,217.0,0
WRK-051,Zone C,Night,4.57,40,8,0.79,65.62,262.48,0
WRK-051,Zone C,Night,4.57,40,9,0.77,53.73,376.11,0
WRK-051,Zone C,Night,4.57,40,10,0.75,59.4,178.2,0
WRK-051,Zone C,Night,4.57,40,11,0.73,48.9,195.6,0
WRK-051,Zone C,Night,4.57,40,12,0.71,50.49,302.94,0
WRK-052,Zone C,Day,4.59,15,1,0.93,73.97,369.85,0
WRK-052,Zone C,Day,4.59,15,2,0.91,80.8,323.2,0
WRK-052,Zone C,Day,4.59,15,3,0.89,77.61,388.05,0
WRK-052,Zone C,Day,4.59,15,4,0.87,56.39,281.95,0
WRK-052,Zone C,Day,4.59,15,5,0.85,54.8,383.6,0
WRK-052,Zone C,Day,4.59,15,6,0.83,77.25,231.75,0
WRK-052,Zone C,Day,4.59,15,7,0.81,69.06,345.3,0
WRK-052,Zone C,Day,4.59,15,8,0.79,52.27,365.89,0
WRK-052,Zone C,Day,4.59,15,9,0.77,61.31,306.55,0
WRK-052,Zone C,Day,4.59,15,10,0.75,50.61,354.27,0
WRK-052,Zone C,Day,4.59,15,11,0.73,61.36,429.52,0
WRK-052,Zone C,Day,4.59,15,12,0.71,52.1,260.5,0
WRK-053,Zone C,Night,4.45,6,1,0.93,74.63,447.78,0
WRK-053,Zone C,Night,4.45,6,2,0.91,63.3,253.2,0
WRK-053,Zone C,Night,4.45,6,3,0.89,63.64,254.56,0
WRK-053,Zone C,Night,4.45,6,4,0.87,57.2,400.4,0
WRK-053,Zone C,Night,4.45,6,5,0.85,56.2,168.6,0
WRK-053,Zone C,Night,4.45,6,6,0.83,57.35,344.1,0
WRK-053,Zone C,Night,4.45,6,7,0.81,48.4,338.8,0
WRK-053,Zone C,Night,4.45,6,8,0.79,47.28,141.84,0
WRK-053,Zone C,Night,4.45,6,9,0.77,54.15,216.6,0
WRK-053,Zone C,Night,4.45,6,10,0.75,59.95,359.7,0
WRK-053,Zone C,Night,4.45,6,11,0.73,49.66,148.98,0
WRK-053,Zone C,Night,4.45,6,12,0.71,46.16,323.12,0
WRK-054,Zone B,Night,4.69,4,1,0.95,117.3,586.5,0
WRK-054,Zone B,Night,4.69,4,2,0.93,87.33,611.31,0
WRK-054,Zone B,Night,4.69,4,3,0.93,125.78,377.34,0
WRK-054,Zone B,Night,4.69,4,4,0.93,121.83,487.32,0
WRK-054,Zone B,Night,4.69,4,5,0.93,94.84,284.52,0
WRK-054,Zone B,Night,4.69,4,6,0.93,123.84,371.52,0
WRK-054,Zone B,Night,4.69,4,7,0.93,97.55,682.85,0
WRK-054,Zone B,Night,4.69,4,8,0.93,100.39,501.95,0
WRK-054,Zone B,Night,4.69,4,9,0.93,124.34,497.36,0
WRK-054,Zone B,Night,4.69,4,10,0.93,122.52,612.6,0
WRK-054,Zone B,Night,4.69,4,11,0.93,114.42,343.26,0
WRK-054,Zone B,Night,4.69,4,12,0.93,105.71,739.97,0
WRK-055,Zone C,Day,4.42,36,1,0.93,62.35,311.75,0
WRK-055,Zone C,Day,4.42,36,2,0.91,80.75,242.25,0
WRK-055,Zone C,Day,4.42,36,3,0.89,61.01,183.03,0
WRK-055,Zone C,Day,4.42,36,4,0.87,58.61,410.27,0
WRK-055,Zone C,Day,4.42,36,5,0.85,69.45,416.7,0
WRK-055,Zone C,Day,4.42,36,6,0.83,56.63,283.15,0
WRK-055,Zone C,Day,4.42,36,7,0.81,55.91,391.37,0
WRK-055,Zone C,Day,4.42,36,8,0.79,63.39,190.17,0
WRK-055,Zone C,Day,4.42,36,9,0.77,71.15,355.75,0
WRK-055,Zone C,Day,4.42,36,10,0.75,60.24,240.96,0
WRK-055,Zone C,Day,4.42,36,11,0.73,54.28,379.96,0
WRK-055,Zone C,Day,4.42,36,12,0.71,59.67,179.01,0
WRK-056,Zone A,Night,4.63,43,1,0.93,86.85,521.1,0
WRK-056,Zone A,Night,4.63,43,2,0.93,121.44,728.64,0
WRK-056,Zone A,Night,4.63,43,3,0.93,117.38,469.52,0
WRK-056,Zone A,Night,4.63,43,4,0.93,125.18,876.26,0
WRK-056,Zone A,Night,4.63,43,5,0.93,89.59,627.13,0
WRK-056,Zone A,Night,4.63,43,6,0.93,124.7,623.5,0
WRK-056,Zone A,Night,4.63,43,7,0.93,103.46,310.38,0
WRK-056,Zone A,Night,4.63,43,8,0.93,95.94,287.82,0
WRK-056,Zone A,Night,4.63,43,9,0.93,112.76,789.32,0
WRK-056,Zone A,Night,4.63,43,10,0.93,108.53,434.12,0
WRK-056,Zone A,Night,4.63,43,11,0.93,115.02,690.12,0
WRK-056,Zone A,Night,4.63,43,12,0.93,96.24,673.68,0
WRK-057,Zone A,Night,4.67,13,1,0.95,100.79,403.16,0
WRK-057,Zone A,Night,4.67,13,2,0.95,118.94,713.64,0
WRK-057,Zone A,Night,4.67,13,3,0.95,103.15,515.75,0
WRK-057,Zone A,Night,4.67,13,4,0.95,97.2,388.8,0
WRK-057,Zone A,Night,4.67,13,5,0.95,132.87,531.48,0
WRK-057,Zone A,Night,4.67,13,6,0.95,104.86,524.3,0
WRK-057,Zone A,Night,4.67,13,7,0.95,121.18,727.08,0
WRK-057,Zone A,Night,4.67,13,8,0.95,91.42,548.52,0
WRK-057,Zone A,Night,4.67,13,9,0.95,92.69,648.83,0
WRK-057,Zone A,Night,4.67,13,10,0.95,96.53,289.59,0
WRK-057,Zone A,Night,4.67,13,11,0.95,96.32,385.28,0
WRK-057,Zone A,Night,4.67,13,12,0.95,93.05,279.15,0
WRK-058,Zone A,Day,4.54,46,1,0.95,121.79,730.74,0
WRK-058,Zone A,Day,4.54,46,2,0.95,101.32,607.92,0
WRK-058,Zone A,Day,4.54,46,3,0.95,128.67,643.35,0
WRK-058,Zone A,Day,4.54,46,4,0.95,126.34,884.38,0
WRK-058,Zone A,Day,4.54,46,5,0.95,91.49,457.45,0
WRK-058,Zone A,Day,4.54,46,6,0.95,92.9,650.3,0
WRK-058,Zone A,Day,4.54,46,7,0.95,118.14,708.84,0
WRK-058,Zone A,Day,4.54,46,8,0.95,96.84,677.88,0
WRK-058,Zone A,Day,4.54,46,9,0.95,90.33,361.32,0
WRK-058,Zone A,Day,4.54,46,10,0.95,120.33,360.99,0
WRK-058,Zone A,Day,4.54,46,11,0.95,112.59,675.54,0
WRK-058,Zone A,Day,4.54,46,12,0.95,120.08,480.32,0
WRK-059,Zone B,Night,4.7,47,1,0.95,92.03,552.18,0
WRK-059,Zone B,Night,4.7,47,2,0.95,102.73,410.92,0
WRK-059,Zone B,Night,4.7,47,3,0.95,104.45,313.35,0
WRK-059,Zone B,Night,4.7,47,4,0.95,93.12,465.6,0
WRK-059,Zone B,Night,4.7,47,5,0.95,99.88,299.64,0
WRK-059,Zone B,Night,4.7,47,6,0.95,102.84,617.04,0
WRK-059,Zone B,Night,4.7,47,7,0.95,101.69,406.76,0
WRK-059,Zone B,Night,4.7,47,8,0.95,116.0,580.0,0
WRK-059,Zone B,Night,4.7,47,9,0.95,124.29,745.74,0
WRK-059,Zone B,Night,4.7,47,10,0.95,127.19,508.76,0
WRK-059,Zone B,Night,4.7,47,11,0.95,111.57,334.71,0
WRK-059,Zone B,Night,4.7,47,12,0.95,94.4,377.6,0
WRK-060,Zone B,Day,4.42,32,1,0.95,110.23,440.92,0
WRK-060,Zone B,Day,4.42,32,2,0.95,120.3,601.5,0
WRK-060,Zone B,Day,4.42,32,3,0.95,117.03,702.18,0
WRK-060,Zone B,Day,4.42,32,4,0.95,118.23,827.61,0
WRK-060,Zone B,Day,4.42,32,5,0.93,83.06,415.3,0
WRK-060,Zone B,Day,4.42,32,6,0.93,110.66,442.64,0
WRK-060,Zone B,Day,4.42,32,7,0.93,121.43,485.72,0
WRK-060,Zone B,Day,4.42,32,8,0.93,108.44,325.32,0
WRK-060,Zone B,Day,4.42,32,9,0.93,105.74,740.18,0
WRK-060,Zone B,Day,4.42,32,10,0.93,117.52,705.12,0
WRK-060,Zone B,Day,4.42,32,11,0.93,107.02,321.06,0
WRK-060,Zone B,Day,4.42,32,12,0.93,107.02,749.14,0
WRK-061,Zone A,Night,4.42,16,1,0.95,97.28,486.4,0
WRK-061,Zone A,Night,4.42,16,2,0.95,100.69,302.07,0
WRK-061,Zone A,Night,4.42,16,3,0.95,111.92,447.68,0
WRK-061,Zone A,Night,4.42,16,4,0.93,84.99,339.96,0
WRK-061,Zone A,Night,4.42,16,5,0.93,102.99,617.94,0
WRK-061,Zone A,Night,4.42,16,6,0.91,83.64,501.84,0
WRK-061,Zone A,Night,4.42,16,7,0.91,119.26,715.56,0
WRK-061,Zone A,Night,4.42,16,8,0.91,92.96,557.76,0
WRK-061,Zone A,Night,4.42,16,9,0.91,98.09,588.54,0
WRK-061,Zone A,Night,4.42,16,10,0.91,114.66,802.62,0
WRK-061,Zone A,Night,4.42,16,11,0.89,79.35,317.4,0
WRK-061,Zone A,Night,4.42,16,12,0.89,104.22,521.1,0
WRK-062,Zone C,Night,4.81,15,1,0.93,65.78,460.46,0
WRK-062,Zone C,Night,4.81,15,2,0.91,75.0,300.0,0
WRK-062,Zone C,Night,4.81,15,3,0.89,58.34,291.7,0
WRK-062,Zone C,Night,4.81,15,4,0.87,71.02,213.06,0
WRK-062,Zone C,Night,4.81,15,5,0.85,61.22,183.66,0
WRK-062,Zone C,Night,4.81,15,6,0.83,52.7,158.1,0
WRK-062,Zone C,Night,4.81,15,7,0.81,66.8,334.0,0
WRK-062,Zone C,Night,4.81,15,8,0.79,50.99,305.94,0
WRK-062,Zone C,Night,4.81,15,9,0.77,59.75,358.5,0
WRK-062,Zone C,Night,4.81,15,10,0.75,66.61,199.83,0
WRK-062,Zone C,Night,4.81,15,11,0.73,48.3,289.8,0
WRK-062,Zone C,Night,4.81,15,12,0.71,48.53,291.18,0
WRK-063,Zone B,Day,4.58,34,1,0.95,115.55,462.2,0
WRK-063,Zone B,Day,4.58,34,2,0.95,92.71,556.26,0
WRK-063,Zone B,Day,4.58,34,3,0.95,104.63,732.41,0
WRK-063,Zone B,Day,4.58,34,4,0.95,102.43,512.15,0
WRK-063,Zone B,Day,4.58,34,5,0.95,105.04,735.28,0
WRK-063,Zone B,Day,4.58,34,6,0.95,103.86,727.02,0
WRK-063,Zone B,Day,4.58,34,7,0.93,85.66,342.64,0
WRK-063,Zone B,Day,4.58,34,8,0.93,90.89,636.23,0
WRK-063,Zone B,Day,4.58,34,9,0.91,84.16,589.12,0
WRK-063,Zone B,Day,4.58,34,10,0.91,115.05,460.2,0
WRK-063,Zone B,Day,4.58,34,11,0.91,91.26,638.82,0
WRK-063,Zone B,Day,4.58,34,12,0.91,92.33,646.31,0
WRK-064,Zone A,Day,4.46,49,1,0.95,120.18,841.26,0
WRK-064,Zone A,Day,4.46,49,2,0.95,126.19,504.76,0
WRK-064,Zone A,Day,4.46,49,3,0.93,85.7,514.2,0
WRK-064,Zone A,Day,4.46,49,4,0.93,98.44,295.32,0
WRK-064,Zone A,Day,4.46,49,5,0.93,105.77,740.39,0
WRK-064,Zone A,Day,4.46,49,6,0.93,118.07,826.49,0
WRK-064,Zone A,Day,4.46,49,7,0.93,103.29,619.74,0
WRK-064,Zone A,Day,4.46,49,8,0.93,118.91,713.46,0
WRK-064,Zone A,Day,4.46,49,9,0.93,110.07,550.35,0
WRK-064,Zone A,Day,4.46,49,10,0.93,98.63,591.78,0
WRK-064,Zone A,Day,4.46,49,11,0.93,118.7,474.8,0
WRK-064,Zone A,Day,4.46,49,12,0.93,115.61,809.27,0
WRK-065,Zone B,Night,4.66,5,1,0.95,94.46,283.38,0
WRK-065,Zone B,Night,4.66,5,2,0.95,117.73,353.19,0
WRK-065,Zone B,Night,4.66,5,3,0.95,119.03,714.18,0
WRK-065,Zone B,Night,4.66,5,4,0.95,91.95,275.85,0
WRK-065,Zone B,Night,4.66,5,5,0.95,125.8,503.2,0
WRK-065,Zone B,Night,4.66,5,6,0.95,99.77,698.39,0
WRK-065,Zone B,Night,4.66,5,7,0.95,125.1,500.4,0
WRK-065,Zone B,Night,4.66,5,8,0.95,105.67,317.01,0
WRK-065,Zone B,Night,4.66,5,9,0.95,115.75,694.5,0
WRK-065,Zone B,Night,4.66,5,10,0.95,108.52,759.64,0
WRK-065,Zone B,Night,4.66,5,11,0.95,95.21,571.26,0
WRK-065,Zone B,Night,4.66,5,12,0.95,111.24,778.68,0
WRK-066,Zone A,Day,4.78,38,1,0.95,93.09,279.27,0
WRK-066,Zone A,Day,4.78,38,2,0.95,124.84,374.52,0
WRK-066,Zone A,Day,4.78,38,3,0.95,94.19,470.95,0
WRK-066,Zone A,Day,4.78,38,4,0.95,91.47,640.29,0
WRK-066,Zone A,Day,4.78,38,5,0.95,114.03,456.12,0
WRK-066,Zone A,Day,4.78,38,6,0.95,111.91,671.46,0
WRK-066,Zone A,Day,4.78,38,7,0.95,106.81,534.05,0
WRK-066,Zone A,Day,4.78,38,8,0.95,120.98,725.88,0
WRK-066,Zone A,Day,4.78,38,9,0.95,107.05,428.2,0
WRK-066,Zone A,Day,4.78,38,10,0.95,95.39,381.56,0
WRK-066,Zone A,Day,4.78,38,11,0.95,91.87,551.22,0
WRK-066,Zone A,Day,4.78,38,12,0.95,131.78,395.34,0
WRK-067,Zone C,Night,4.51,26,1,0.93,76.85,307.4,0
WRK-067,Zone C,Night,4.51,26,2,0.91,50.8,304.8,0
WRK-067,Zone C,Night,4.51,26,3,0.89,64.63,193.89,0
WRK-067,Zone C,Night,4.51,26,4,0.87,63.87,255.48,0
WRK-067,Zone C,Night,4.51,26,5,0.85,58.5,234.0,0
WRK-067,Zone C,Night,4.51,26,6,0.83,53.52,321.12,0
WRK-067,Zone C,Night,4.51,26,7,0.81,51.57,206.28,0
WRK-067,Zone C,Night,4.51,26,8,0.79,57.08,399.56,0
WRK-067,Zone C,Night,4.51,26,9,0.77,62.44,374.64,0
WRK-067,Zone C,Night,4.51,26,10,0.75,44.92,179.68,0
WRK-067,Zone C,Night,4.51,26,11,0.73,47.4,189.6,0
WRK-067,Zone C,Night,4.51,26,12,0.71,43.86,131.58,0
WRK-068,Zone A,Day,4.71,20,1,0.95,106.35,638.1,0
WRK-068,Zone A,Day,4.71,20,2,0.95,106.91,427.64,0
WRK-068,Zone A,Day,4.71,20,3,0.95,131.73,790.38,0
WRK-068,Zone A,Day,4.71,20,4,0.95,94.96,474.8,0
WRK-068,Zone A,Day,4.71,20,5,0.95,129.22,904.54,0
WRK-068,Zone A,Day,4.71,20,6,0.95,102.31,306.93,0
WRK-068,Zone A,Day,4.71,20,7,0.95,101.08,404.32,0
WRK-068,Zone A,Day,4.71,20,8,0.95,117.99,825.93,0
WRK-068,Zone A,Day,4.71,20,9,0.95,133.31,799.86,0
WRK-068,Zone A,Day,4.71,20,10,0.95,91.93,459.65,0
WRK-068,Zone A,Day,4.71,20,11,0.95,101.57,609.42,0
WRK-068,Zone A,Day,4.71,20,12,0.95,91.45,365.8,0
WRK-069,Zone C,Night,4.44,29,1,0.93,53.65,375.55,0
WRK-069,Zone C,Night,4.44,29,2,0.91,67.89,339.45,0
WRK-069,Zone C,Night,4.44,29,3,0.89,72.22,361.1,0
WRK-069,Zone C,Night,4.44,29,4,0.87,51.21,307.26,0
WRK-069,Zone C,Night,4.44,29,5,0.85,63.57,317.85,0
WRK-069,Zone C,Night,4.44,29,6,0.83,62.65,187.95,0
WRK-069,Zone C,Night,4.44,29,7,0.81,55.6,278.0,0
WRK-069,Zone C,Night,4.44,29,8,0.79,46.52,279.12,0
WRK-069,Zone C,Night,4.44,29,9,0.77,55.55,388.85,0
WRK-069,Zone C,Night,4.44,29,10,0.75,44.34,177.36,0
WRK-069,Zone C,Night,4.44,29,11,0.73,51.1,153.3,0
WRK-069,Zone C,Night,4.44,29,12,0.71,53.27,266.35,0
WRK-070,Zone C,Night,4.43,11,1,0.93,75.86,379.3,0
WRK-070,Zone C,Night,4.43,11,2,0.91,59.58,238.32,0
WRK-070,Zone C,Night,4.43,11,3,0.89,64.48,193.44,0
WRK-070,Zone C,Night,4.43,11,4,0.87,60.6,303.0,0
WRK-070,Zone C,Night,4.43,11,5,0.85,50.7,152.1,0
WRK-070,Zone C,Night,4.43,11,6,0.83,53.75,161.25,0
WRK-070,Zone C,Night,4.43,11,7,0.81,56.41,225.64,0
WRK-070,Zone C,Night,4.43,11,8,0.79,59.47,356.82,0
WRK-070,Zone C,Night,4.43,11,9,0.77,57.64,77.81,1
WRK-070,Zone C,Night,4.43,11,10,0.75,60.48,81.65,1
WRK-070,Zone C,Night,4.43,11,11,0.73,53.31,119.95,1
WRK-070,Zone C,Night,4.43,11,12,0.71,55.01,275.05,0
WRK-071,Zone A,Day,4.67,32,1,0.95,132.81,796.86,0
WRK-071,Zone A,Day,4.67,32,2,0.95,105.73,634.38,0
WRK-071,Zone A,Day,4.67,32,3,0.95,120.65,603.25,0
WRK-071,Zone A,Day,4.67,32,4,0.95,94.76,663.32,0
WRK-071,Zone A,Day,4.67,32,5,0.93,86.86,608.02,0
WRK-071,Zone A,Day,4.67,32,6,0.91,86.15,516.9,0
WRK-071,Zone A,Day,4.67,32,7,0.91,92.61,648.27,0
WRK-071,Zone A,Day,4.67,32,8,0.91,88.86,533.16,0
WRK-071,Zone A,Day,4.67,32,9,0.91,106.57,532.85,0
WRK-071,Zone A,Day,4.67,32,10,0.91,87.67,350.68,0
WRK-071,Zone A,Day,4.67,32,11,0.91,108.75,652.5,0
WRK-071,Zone A,Day,4.67,32,12,0.91,87.16,348.64,0
WRK-072,Zone A,Day,4.67,29,1,0.95,115.33,576.65,0
WRK-072,Zone A,Day,4.67,29,2,0.95,100.71,604.26,0
WRK-072,Zone A,Day,4.67,29,3,0.95,103.03,515.15,0
WRK-072,Zone A,Day,4.67,29,4,0.95,91.33,639.31,0
WRK-072,Zone A,Day,4.67,29,5,0.95,121.83,487.32,0
WRK-072,Zone A,Day,4.67,29,6,0.95,120.13,720.78,0
WRK-072,Zone A,Day,4.67,29,7,0.95,111.69,781.83,0
WRK-072,Zone A,Day,4.67,29,8,0.95,95.28,285.84,0
WRK-072,Zone A,Day,4.67,29,9,0.95,107.99,431.96,0
WRK-072,Zone A,Day,4.67,29,10,0.95,105.22,315.66,0
WRK-072,Zone A,Day,4.67,29,11,0.95,115.28,576.4,0
WRK-072,Zone A,Day,4.67,29,12,0.95,122.75,368.25,0
WRK-073,Zone C,Night,4.72,13,1,0.93,79.29,555.03,0
WRK-073,Zone C,Night,4.72,13,2,0.91,57.49,344.94,0
WRK-073,Zone C,Night,4.72,13,3,0.89,64.58,322.9,0
WRK-073,Zone C,Night,4.72,13,4,0.87,67.92,407.52,0
WRK-073,Zone C,Night,4.72,13,5,0.85,58.9,176.7,0
WRK-073,Zone C,Night,4.72,13,6,0.83,71.18,498.26,0
WRK-073,Zone C,Night,4.72,13,7,0.81,51.43,360.01,0
WRK-073,Zone C,Night,4.72,13,8,0.79,68.42,342.1,0
WRK-073,Zone C,Night,4.72,13,9,0.77,45.35,136.05,0
WRK-073,Zone C,Night,4.72,13,10,0.75,56.37,394.59,0
WRK-073,Zone C,Night,4.72,13,11,0.73,57.24,286.2,0
WRK-073,Zone C,Night,4.72,13,12,0.71,47.44,332.08,0
WRK-074,Zone C,Night,4.76,29,1,0.93,56.1,280.5,0
WRK-074,Zone C,Night,4.76,29,2,0.91,64.87,324.35,0
WRK-074,Zone C,Night,4.76,29,3,0.89,62.07,434.49,0
WRK-074,Zone C,Night,4.76,29,4,0.87,63.33,443.31,0
WRK-074,Zone C,Night,4.76,29,5,0.85,61.31,429.17,0
WRK-074,Zone C,Night,4.76,29,6,0.83,65.9,263.6,0
WRK-074,Zone C,Night,4.76,29,7,0.81,49.45,197.8,0
WRK-074,Zone C,Night,4.76,29,8,0.79,67.44,202.32,0
WRK-074,Zone C,Night,4.76,29,9,0.77,45.34,136.02,0
WRK-074,Zone C,Night,4.76,29,10,0.75,47.51,285.06,0
WRK-074,Zone C,Night,4.76,29,11,0.73,45.65,136.95,0
WRK-074,Zone C,Night,4.76,29,12,0.71,57.32,171.96,0
WRK-075,Zone C,Day,4.89,37,1,0.95,96.1,576.6,0
WRK-075,Zone C,Day,4.89,37,2,0.93,65.06,390.36,0
WRK-075,Zone C,Day,4.89,37,3,0.91,70.86,425.16,0
WRK-075,Zone C,Day,4.89,37,4,0.91,86.78,347.12,0
WRK-075,Zone C,Day,4.89,37,5,0.89,69.18,276.72,0
WRK-075,Zone C,Day,4.89,37,6,0.89,86.63,519.78,0
WRK-075,Zone C,Day,4.89,37,7,0.87,64.19,385.14,0
WRK-075,Zone C,Day,4.89,37,8,0.85,59.14,354.84,0
WRK-075,Zone C,Day,4.89,37,9,0.83,74.4,372.0,0
WRK-075,Zone C,Day,4.89,37,10,0.81,59.29,355.74,0
WRK-075,Zone C,Day,4.89,37,11,0.79,62.58,312.9,0
WRK-075,Zone C,Day,4.89,37,12,0.77,61.84,247.36,0
WRK-076,Zone C,Night,4.66,44,1,0.93,72.92,364.6,0
WRK-076,Zone C,Night,4.66,44,2,0.91,77.38,541.66,0
WRK-076,Zone C,Night,4.66,44,3,0.89,52.41,314.46,0
WRK-076,Zone C,Night,4.66,44,4,0.87,69.59,208.77,0
WRK-076,Zone C,Night,4.66,44,5,0.85,60.84,425.88,0
WRK-076,Zone C,Night,4.66,44,6,0.83,53.74,268.7,0
WRK-076,Zone C,Night,4.66,44,7,0.81,63.34,443.38,0
WRK-076,Zone C,Night,4.66,44,8,0.79,58.15,290.75,0
WRK-076,Zone C,Night,4.66,44,9,0.77,51.01,357.07,0
WRK-076,Zone C,Night,4.66,44,10,0.75,56.14,168.42,0
WRK-076,Zone C,Night,4.66,44,11,0.73,45.73,137.19,0
WRK-076,Zone C,Night,4.66,44,12,0.71,43.83,262.98,0
WRK-077,Zone A,Day,4.56,10,1,0.95,104.78,314.34,0
WRK-077,Zone A,Day,4.56,10,2,0.95,123.53,370.59,0
WRK-077,Zone A,Day,4.56,10,3,0.95,109.35,765.45,0
WRK-077,Zone A,Day,4.56,10,4,0.95,96.52,579.12,0
WRK-077,Zone A,Day,4.56,10,5,0.95,117.99,353.97,0
WRK-077,Zone A,Day,4.56,10,6,0.95,120.98,362.94,0
WRK-077,Zone A,Day,4.56,10,7,0.95,110.22,440.88,0
WRK-077,Zone A,Day,4.56,10,8,0.95,107.67,753.69,0
WRK-077,Zone A,Day,4.56,10,9,0.95,92.78,278.34,0
WRK-077,Zone A,Day,4.56,10,10,0.95,115.66,462.64,0
WRK-077,Zone A,Day,4.56,10,11,0.95,124.02,620.1,0
WRK-077,Zone A,Day,4.56,10,12,0.95,114.88,689.28,0
WRK-078,Zone B,Night,4.8,7,1,0.95,93.99,563.94,0
WRK-078,Zone B,Night,4.8,7,2,0.95,107.38,536.9,0
WRK-078,Zone B,Night,4.8,7,3,0.95,93.52,280.56,0
WRK-078,Zone B,Night,4.8,7,4,0.95,100.33,702.31,0
WRK-078,Zone B,Night,4.8,7,5,0.95,98.66,591.96,0
WRK-078,Zone B,Night,4.8,7,6,0.95,125.64,879.48,0
WRK-078,Zone B,Night,4.8,7,7,0.95,121.22,727.32,0
WRK-078,Zone B,Night,4.8,7,8,0.95,130.83,654.15,0
WRK-078,Zone B,Night,4.8,7,9,0.95,134.3,537.2,0
WRK-078,Zone B,Night,4.8,7,10,0.95,125.37,376.11,0
WRK-078,Zone B,Night,4.8,7,11,0.95,92.39,277.17,0
WRK-078,Zone B,Night,4.8,7,12,0.95,95.45,477.25,0
WRK-079,Zone A,Day,4.54,48,1,0.95,125.35,376.05,0
WRK-079,Zone A,Day,4.54,48,2,0.95,103.01,515.05,0
WRK-079,Zone A,Day,4.54,48,3,0.95,90.72,544.32,0
WRK-079,Zone A,Day,4.54,48,4,0.95,105.63,528.15,0
WRK-079,Zone A,Day,4.54,48,5,0.95,102.56,512.8,0
WRK-079,Zone A,Day,4.54,48,6,0.95,105.18,525.9,0
WRK-079,Zone A,Day,4.54,48,7,0.95,94.95,379.8,0
WRK-079,Zone A,Day,4.54,48,8,0.93,88.33,529.98,0
WRK-079,Zone A,Day,4.54,48,9,0.93,117.8,706.8,0
WRK-079,Zone A,Day,4.54,48,10,0.93,96.02,288.06,0
WRK-079,Zone A,Day,4.54,48,11,0.93,101.06,404.24,0
WRK-079,Zone A,Day,4.54,48,12,0.93,91.02,546.12,0
WRK-080,Zone C,Night,4.62,14,1,0.93,67.69,270.76,0
WRK-080,Zone C,Night,4.62,14,2,0.91,59.99,299.95,0
WRK-080,Zone C,Night,4.62,14,3,0.89,59.85,299.25,0
WRK-080,Zone C,Night,4.62,14,4,0.87,56.37,169.11,0
WRK-080,Zone C,Night,4.62,14,5,0.85,62.84,439.88,0
WRK-080,Zone C,Night,4.62,14,6,0.83,64.54,322.7,0
WRK-080,Zone C,Night,4.62,14,7,0.81,53.32,266.6,0
WRK-080,Zone C,Night,4.62,14,8,0.79,64.8,388.8,0
WRK-080,Zone C,Night,4.62,14,9,0.77,60.03,180.09,0
WRK-080,Zone C,Night,4.62,14,10,0.75,51.6,361.2,0
WRK-080,Zone C,Night,4.62,14,11,0.73,55.42,387.94,0
WRK-080,Zone C,Night,4.62,14,12,0.71,46.93,281.58,0
WRK-081,Zone B,Day,4.44,32,1,0.95,121.54,607.7,0
WRK-081,Zone B,Day,4.44,32,2,0.95,91.19,455.95,0
WRK-081,Zone B,Day,4.44,32,3,0.95,113.31,566.55,0
WRK-081,Zone B,Day,4.44,32,4,0.95,106.59,319.77,0
WRK-081,Zone B,Day,4.44,32,5,0.95,119.05,476.2,0
WRK-081,Zone B,Day,4.44,32,6,0.93,85.85,600.95,0
WRK-081,Zone B,Day,4.44,32,7,0.93,122.76,736.56,0
WRK-081,Zone B,Day,4.44,32,8,0.93,118.0,708.0,0
WRK-081,Zone B,Day,4.44,32,9,0.93,120.48,602.4,0
WRK-081,Zone B,Day,4.44,32,10,0.93,113.93,341.79,0
WRK-081,Zone B,Day,4.44,32,11,0.93,102.02,612.12,0
WRK-081,Zone B,Day,4.44,32,12,0.93,101.53,710.71,0
WRK-082,Zone B,Night,4.41,39,1,0.95,94.5,472.5,0
WRK-082,Zone B,Night,4.41,39,2,0.95,120.72,482.88,0
WRK-082,Zone B,Night,4.41,39,3,0.95,94.08,564.48,0
WRK-082,Zone B,Night,4.41,39,4,0.95,118.47,355.41,0
WRK-082,Zone B,Night,4.41,39,5,0.95,93.9,563.4,0
WRK-082,Zone B,Night,4.41,39,6,0.95,121.79,608.95,0
WRK-082,Zone B,Night,4.41,39,7,0.95,102.72,410.88,0
WRK-082,Zone B,Night,4.41,39,8,0.95,109.57,328.71,0
WRK-082,Zone B,Night,4.41,39,9,0.95,119.11,595.55,0
WRK-082,Zone B,Night,4.41,39,10,0.95,119.21,596.05,0
WRK-082,Zone B,Night,4.41,39,11,0.95,110.42,662.52,0
WRK-082,Zone B,Night,4.41,39,12,0.95,114.83,459.32,0
WRK-083,Zone A,Night,4.88,28,1,0.95,107.82,646.92,0
WRK-083,Zone A,Night,4.88,28,2,0.95,124.36,373.08,0
WRK-083,Zone A,Night,4.88,28,3,0.95,123.13,369.39,0
WRK-083,Zone A,Night,4.88,28,4,0.95,131.56,657.8,0
WRK-083,Zone A,Night,4.88,28,5,0.95,124.93,374.79,0
WRK-083,Zone A,Night,4.88,28,6,0.95,102.74,719.18,0
WRK-083,Zone A,Night,4.88,28,7,0.95,94.28,659.96,0
WRK-083,Zone A,Night,4.88,28,8,0.95,111.68,670.08,0
WRK-083,Zone A,Night,4.88,28,9,0.95,136.26,817.56,0
WRK-083,Zone A,Night,4.88,28,10,0.95,103.54,310.62,0
WRK-083,Zone A,Night,4.88,28,11,0.95,129.31,905.17,0
WRK-083,Zone A,Night,4.88,28,12,0.95,134.43,672.15,0
WRK-084,Zone B,Day,4.82,24,1,0.95,133.06,665.3,0
WRK-084,Zone B,Day,4.82,24,2,0.95,91.55,457.75,0
WRK-084,Zone B,Day,4.82,24,3,0.95,96.62,579.72,0
WRK-084,Zone B,Day,4.82,24,4,0.95,109.01,545.05,0
WRK-084,Zone B,Day,4.82,24,5,0.95,110.43,552.15,0
WRK-084,Zone B,Day,4.82,24,6,0.95,110.88,332.64,0
WRK-084,Zone B,Day,4.82,24,7,0.95,110.83,443.32,0
WRK-084,Zone B,Day,4.82,24,8,0.95,135.77,407.31,0
WRK-084,Zone B,Day,4.82,24,9,0.95,104.92,524.6,0
WRK-084,Zone B,Day,4.82,24,10,0.95,129.35,646.75,0
WRK-084,Zone B,Day,4.82,24,11,0.95,128.38,770.28,0
WRK-084,Zone B,Day,4.82,24,12,0.95,136.48,409.44,0
WRK-085,Zone B,Night,4.75,39,1,0.95,103.96,311.88,0
WRK-085,Zone B,Night,4.75,39,2,0.95,102.91,617.46,0
WRK-085,Zone B,Night,4.75,39,3,0.95,95.29,667.03,0
WRK-085,Zone B,Night,4.75,39,4,0.95,114.6,343.8,0
WRK-085,Zone B,Night,4.75,39,5,0.95,101.12,303.36,0
WRK-085,Zone B,Night,4.75,39,6,0.95,111.36,334.08,0
WRK-085,Zone B,Night,4.75,39,7,0.95,127.4,891.8,0
WRK-085,Zone B,Night,4.75,39,8,0.95,103.62,518.1,0
WRK-085,Zone B,Night,4.75,39,9,0.95,123.15,369.45,0
WRK-085,Zone B,Night,4.75,39,10,0.95,92.38,554.28,0
WRK-085,Zone B,Night,4.75,39,11,0.95,129.78,519.12,0
WRK-085,Zone B,Night,4.75,39,12,0.95,120.33,360.99,0
WRK-086,Zone C,Day,4.6,13,1,0.95,91.52,640.64,0
WRK-086,Zone C,Day,4.6,13,2,0.93,85.07,510.42,0
WRK-086,Zone C,Day,4.6,13,3,0.91,75.76,303.04,0
WRK-086,Zone C,Day,4.6,13,4,0.89,73.82,516.74,0
WRK-086,Zone C,Day,4.6,13,5,0.87,57.87,347.22,0
WRK-086,Zone C,Day,4.6,13,6,0.85,60.83,364.98,0
WRK-086,Zone C,Day,4.6,13,7,0.83,56.58,396.06,0
WRK-086,Zone C,Day,4.6,13,8,0.81,65.93,197.79,0
WRK-086,Zone C,Day,4.6,13,9,0.79,67.97,203.91,0
WRK-086,Zone C,Day,4.6,13,10,0.77,51.24,153.72,0
WRK-086,Zone C,Day,4.6,13,11,0.75,48.95,293.7,0
WRK-086,Zone C,Day,4.6,13,12,0.73,68.48,205.44,0
WRK-087,Zone B,Day,4.49,40,1,0.95,99.77,598.62,0
WRK-087,Zone B,Day,4.49,40,2,0.95,104.14,728.98,0
WRK-087,Zone B,Day,4.49,40,3,0.95,112.15,672.9,0
WRK-087,Zone B,Day,4.49,40,4,0.95,118.87,594.35,0
WRK-087,Zone B,Day,4.49,40,5,0.95,95.37,572.22,0
WRK-087,Zone B,Day,4.49,40,6,0.93,87.8,526.8,0
WRK-087,Zone B,Day,4.49,40,7,0.93,103.8,622.8,0
WRK-087,Zone B,Day,4.49,40,8,0.93,123.11,492.44,0
WRK-087,Zone B,Day,4.49,40,9,0.93,103.18,309.54,0
WRK-087,Zone B,Day,4.49,40,10,0.93,104.58,313.74,0
WRK-087,Zone B,Day,4.49,40,11,0.91,81.78,572.46,0
WRK-087,Zone B,Day,4.49,40,12,0.91,100.95,403.8,0
WRK-088,Zone C,Night,4.48,12,1,0.93,74.59,372.95,0
WRK-088,Zone C,Night,4.48,12,2,0.91,57.16,171.48,0
WRK-088,Zone C,Night,4.48,12,3,0.89,60.16,421.12,0
WRK-088,Zone C,Night,4.48,12,4,0.87,59.57,297.85,0
WRK-088,Zone C,Night,4.48,12,5,0.85,57.39,344.34,0
WRK-088,Zone C,Night,4.48,12,6,0.83,50.53,353.71,0
WRK-088,Zone C,Night,4.48,12,7,0.81,56.69,170.07,0
WRK-088,Zone C,Night,4.48,12,8,0.79,43.75,218.75,0
WRK-088,Zone C,Night,4.48,12,9,0.77,60.41,181.23,0
WRK-088,Zone C,Night,4.48,12,10,0.75,48.39,338.73,0
WRK-088,Zone C,Night,4.48,12,11,0.73,49.11,196.44,0
WRK-088,Zone C,Night,4.48,12,12,0.71,44.92,134.76,0
WRK-089,Zone B,Day,4.53,27,1,0.95,103.04,721.28,0
WRK-089,Zone B,Day,4.53,27,2,0.95,98.21,294.63,0
WRK-089,Zone B,Day,4.53,27,3,0.95,90.87,454.35,0
WRK-089,Zone B,Day,4.53,27,4,0.95,123.8,371.4,0
WRK-089,Zone B,Day,4.53,27,5,0.93,85.42,427.1,0
WRK-089,Zone B,Day,4.53,27,6,0.91,84.2,421.0,0
WRK-089,Zone B,Day,4.53,27,7,0.91,87.77,614.39,0
WRK-089,Zone B,Day,4.53,27,8,0.91,98.61,591.66,0
WRK-089,Zone B,Day,4.53,27,9,0.91,112.41,786.87,0
WRK-089,Zone B,Day,4.53,27,10,0.91,111.76,670.56,0
WRK-089,Zone B,Day,4.53,27,11,0.91,110.14,330.42,0
WRK-089,Zone B,Day,4.53,27,12,0.91,116.28,697.68,0
WRK-090,Zone A,Day,4.67,38,1,0.95,125.29,375.87,0
WRK-090,Zone A,Day,4.67,38,2,0.95,117.08,819.56,0
WRK-090,Zone A,Day,4.67,38,3,0.95,125.66,376.98,0
WRK-090,Zone A,Day,4.67,38,4,0.95,115.63,462.52,0
WRK-090,Zone A,Day,4.67,38,5,0.95,100.22,601.32,0
WRK-090,Zone A,Day,4.67,38,6,0.95,105.86,635.16,0
WRK-090,Zone A,Day,4.67,38,7,0.95,105.21,526.05,0
WRK-090,Zone A,Day,4.67,38,8,0.95,115.3,691.8,0
WRK-090,Zone A,Day,4.67,38,9,0.95,128.8,772.8,0
WRK-090,Zone A,Day,4.67,38,10,0.95,92.38,277.14,0
WRK-090,Zone A,Day,4.67,38,11,0.95,130.64,914.48,0
WRK-090,Zone A,Day,4.67,38,12,0.95,118.96,475.84,0
WRK-091,Zone C,Night,4.76,52,1,0.93,78.71,550.97,0
WRK-091,Zone C,Night,4.76,52,2,0.91,53.61,214.44,0
WRK-091,Zone C,Night,4.76,52,3,0.89,55.78,167.34,0
WRK-091,Zone C,Night,4.76,52,4,0.87,66.61,399.66,0
WRK-091,Zone C,Night,4.76,52,5,0.85,54.1,270.5,0
WRK-091,Zone C,Night,4.76,52,6,0.83,66.67,466.69,0
WRK-091,Zone C,Night,4.76,52,7,0.81,49.05,196.2,0
WRK-091,Zone C,Night,4.76,52,8,0.79,46.57,279.42,0
WRK-091,Zone C,Night,4.76,52,9,0.77,51.79,69.92,1
WRK-091,Zone C,Night,4.76,52,10,0.75,45.81,82.46,1
WRK-091,Zone C,Night,4.76,52,11,0.73,62.26,84.05,1
WRK-091,Zone C,Night,4.76,52,12,0.71,46.11,138.33,0
WRK-092,Zone C,Night,4.73,38,1,0.93,73.95,221.85,0
WRK-092,Zone C,Night,4.73,38,2,0.91,54.82,383.74,0
WRK-092,Zone C,Night,4.73,38,3,0.89,69.82,279.28,0
WRK-092,Zone C,Night,4.73,38,4,0.87,60.94,426.58,0
WRK-092,Zone C,Night,4.73,38,5,0.85,56.35,394.45,0
WRK-092,Zone C,Night,4.73,38,6,0.83,69.21,415.26,0
WRK-092,Zone C,Night,4.73,38,7,0.81,52.54,262.7,0
WRK-092,Zone C,Night,4.73,38,8,0.79,56.4,338.4,0
WRK-092,Zone C,Night,4.73,38,9,0.77,65.44,327.2,0
WRK-092,Zone C,Night,4.73,38,10,0.75,56.43,225.72,0
WRK-092,Zone C,Night,4.73,38,11,0.73,50.41,302.46,0
WRK-092,Zone C,Night,4.73,38,12,0.71,49.5,198.0,0
WRK-093,Zone B,Night,4.54,51,1,0.95,93.46,654.22,0
WRK-093,Zone B,Night,4.54,51,2,0.95,114.11,798.77,0
WRK-093,Zone B,Night,4.54,51,3,0.95,124.65,373.95,0
WRK-093,Zone B,Night,4.54,51,4,0.95,127.09,635.45,0
WRK-093,Zone B,Night,4.54,51,5,0.93,85.52,513.12,0
WRK-093,Zone B,Night,4.54,51,6,0.93,100.44,502.2,0
WRK-093,Zone B,Night,4.54,51,7,0.93,98.82,494.1,0
WRK-093,Zone B,Night,4.54,51,8,0.93,101.74,305.22,0
WRK-093,Zone B,Night,4.54,51,9,0.93,88.72,621.04,0
WRK-093,Zone B,Night,4.54,51,10,0.93,106.87,641.22,0
WRK-093,Zone B,Night,4.54,51,11,0.93,108.94,326.82,0
WRK-093,Zone B,Night,4.54,51,12,0.93,88.89,266.67,0
WRK-094,Zone C,Night,4.88,39,1,0.93,59.81,418.67,0
WRK-094,Zone C,Night,4.88,39,2,0.91,60.93,304.65,0
WRK-094,Zone C,Night,4.88,39,3,0.89,67.7,473.9,0
WRK-094,Zone C,Night,4.88,39,4,0.87,62.32,311.6,0
WRK-094,Zone C,Night,4.88,39,5,0.85,56.41,282.05,0
WRK-094,Zone C,Night,4.88,39,6,0.83,59.55,238.2,0
WRK-094,Zone C,Night,4.88,39,7,0.81,58.3,291.5,0
WRK-094,Zone C,Night,4.88,39,8,0.79,50.96,356.72,0
WRK-094,Zone C,Night,4.88,39,9,0.77,52.96,370.72,0
WRK-094,Zone C,Night,4.88,39,10,0.75,63.89,447.23,0
WRK-094,Zone C,Night,4.88,39,11,0.73,64.83,453.81,0
WRK-094,Zone C,Night,4.88,39,12,0.71,52.78,316.68,0
WRK-095,Zone B,Day,4.77,21,1,0.95,135.68,407.04,0
WRK-095,Zone B,Day,4.77,21,2,0.95,135.19,946.33,0
WRK-095,Zone B,Day,4.77,21,3,0.95,118.1,708.6,0
WRK-095,Zone B,Day,4.77,21,4,0.95,92.01,552.06,0
WRK-095,Zone B,Day,4.77,21,5,0.95,135.01,405.03,0
WRK-095,Zone B,Day,4.77,21,6,0.95,115.7,462.8,0
WRK-095,Zone B,Day,4.77,21,7,0.95,98.24,687.68,0
WRK-095,Zone B,Day,4.77,21,8,0.95,128.38,641.9,0
WRK-095,Zone B,Day,4.77,21,9,0.95,106.75,427.0,0
WRK-095,Zone B,Day,4.77,21,10,0.95,102.36,511.8,0
WRK-095,Zone B,Day,4.77,21,11,0.95,98.64,690.48,0
WRK-095,Zone B,Day,4.77,21,12,0.95,106.12,636.72,0
WRK-096,Zone B,Night,4.68,52,1,0.95,99.31,496.55,0
WRK-096,Zone B,Night,4.68,52,2,0.95,113.65,568.25,0
WRK-096,Zone B,Night,4.68,52,3,0.95,96.21,673.47,0
WRK-096,Zone B,Night,4.68,52,4,0.95,108.6,434.4,0
WRK-096,Zone B,Night,4.68,52,5,0.95,110.59,552.95,0
WRK-096,Zone B,Night,4.68,52,6,0.95,123.63,618.15,0
WRK-096,Zone B,Night,4.68,52,7,0.95,127.98,383.94,0
WRK-096,Zone B,Night,4.68,52,8,0.95,124.08,620.4,0
WRK-096,Zone B,Night,4.68,52,9,0.95,97.81,684.67,0
WRK-096,Zone B,Night,4.68,52,10,0.95,95.44,668.08,0
WRK-096,Zone B,Night,4.68,52,11,0.95,110.0,660.0,0
WRK-096,Zone B,Night,4.68,52,12,0.95,129.16,645.8,0
WRK-097,Zone B,Night,4.71,42,1,0.95,130.07,650.35,0
WRK-097,Zone B,Night,4.71,42,2,0.95,105.21,631.26,0
WRK-097,Zone B,Night,4.71,42,3,0.95,91.11,455.55,0
WRK-097,Zone B,Night,4.71,42,4,0.95,113.97,797.79,0
WRK-097,Zone B,Night,4.71,42,5,0.95,124.92,749.52,0
WRK-097,Zone B,Night,4.71,42,6,0.95,110.28,441.12,0
WRK-097,Zone B,Night,4.71,42,7,0.95,131.62,394.86,0
WRK-097,Zone B,Night,4.71,42,8,0.95,131.84,527.36,0
WRK-097,Zone B,Night,4.71,42,9,0.95,133.27,799.62,0
WRK-097,Zone B,Night,4.71,42,10,0.95,123.15,492.6,0
WRK-097,Zone B,Night,4.71,42,11,0.95,111.38,556.9,0
WRK-097,Zone B,Night,4.71,42,12,0.95,98.5,492.5,0
WRK-098,Zone A,Night,4.61,35,1,0.95,109.98,329.94,0
WRK-098,Zone A,Night,4.61,35,2,0.95,103.45,310.35,0
WRK-098,Zone A,Night,4.61,35,3,0.95,125.49,627.45,0
WRK-098,Zone A,Night,4.61,35,4,0.95,105.44,527.2,0
WRK-098,Zone A,Night,4.61,35,5,0.95,113.95,683.7,0
WRK-098,Zone A,Night,4.61,35,6,0.95,122.91,614.55,0
WRK-098,Zone A,Night,4.61,35,7,0.95,96.37,289.11,0
WRK-098,Zone A,Night,4.61,35,8,0.93,88.29,618.03,0
WRK-098,Zone A,Night,4.61,35,9,0.93,104.57,313.71,0
WRK-098,Zone A,Night,4.61,35,10,0.93,98.54,492.7,0
WRK-098,Zone A,Night,4.61,35,11,0.93,99.11,495.55,0
WRK-098,Zone A,Night,4.61,35,12,0.93,104.96,734.72,0
WRK-099,Zone A,Night,4.52,27,1,0.95,127.71,893.97,0
WRK-099,Zone A,Night,4.52,27,2,0.95,125.77,503.08,0
WRK-099,Zone A,Night,4.52,27,3,0.95,106.45,745.15,0
WRK-099,Zone A,Night,4.52,27,4,0.93,85.43,427.15,0
WRK-099,Zone A,Night,4.52,27,5,0.93,113.28,453.12,0
WRK-099,Zone A,Night,4.52,27,6,0.93,110.76,775.32,0
WRK-099,Zone A,Night,4.52,27,7,0.93,99.24,396.96,0
WRK-099,Zone A,Night,4.52,27,8,0.93,98.17,490.85,0
WRK-099,Zone A,Night,4.52,27,9,0.93,93.01,279.03,0
WRK-099,Zone A,Night,4.52,27,10,0.93,117.52,587.6,0
WRK-099,Zone A,Night,4.52,27,11,0.93,126.12,504.48,0
WRK-099,Zone A,Night,4.52,27,12,0.93,119.0,595.0,0
