worker_id,worker_name,zone,s2_token,shift_type,rating,tenure_months,week,tasks_assigned,weekly_earnings,shadow_ban_flag
PNQ-1000,Deepak A,Hadapsar,89964fe,Night,4.7,43,1,46,6761.5,0
PNQ-1000,Deepak A,Hadapsar,89964fe,Night,4.7,43,2,48,5029.81,0
PNQ-1000,Deepak A,Hadapsar,89964fe,Night,4.7,43,3,55,7210.2,0
PNQ-1000,Deepak A,Hadapsar,89964fe,Night,4.7,43,4,66,9085.19,0
PNQ-1000,Deepak A,Hadapsar,89964fe,Night,4.7,43,5,45,5826.61,0
PNQ-1000,Deepak A,Hadapsar,89964fe,Night,4.7,43,6,57,5830.98,0
PNQ-1000,Deepak A,Hadapsar,89964fe,Night,4.7,43,7,59,5785.56,0
PNQ-1000,Deepak A,Hadapsar,89964fe,Night,4.7,43,8,64,7181.09,0
PNQ-1000,Deepak A,Hadapsar,89964fe,Night,4.7,43,9,60,6439.2,0
PNQ-1000,Deepak A,Hadapsar,89964fe,Night,4.7,43,10,58,5689.41,0
PNQ-1000,Deepak A,Hadapsar,89964fe,Night,4.7,43,11,48,6215.17,0
PNQ-1000,Deepak A,Hadapsar,89964fe,Night,4.7,43,12,61,7196.88,0
PNQ-1001,Amit B,Baner,89964bc,Day,4.4,14,1,68,9753.11,0
PNQ-1001,Amit B,Baner,89964bc,Day,4.4,14,2,50,6026.6,0
PNQ-1001,Amit B,Baner,89964bc,Day,4.4,14,3,55,5679.81,0
PNQ-1001,Amit B,Baner,89964bc,Day,4.4,14,4,50,5175.34,0
PNQ-1001,Amit B,Baner,89964bc,Day,4.4,14,5,57,6261.95,0
PNQ-1001,Amit B,Baner,89964bc,Day,4.4,14,6,46,4417.0,0
PNQ-1001,Amit B,Baner,89964bc,Day,4.4,14,7,53,7727.66,0
PNQ-1001,Amit B,Baner,89964bc,Day,4.4,14,8,55,6450.54,0
PNQ-1001,Amit B,Baner,89964bc,Day,4.4,14,9,42,5457.29,0
PNQ-1001,Amit B,Baner,89964bc,Day,4.4,14,10,57,6073.11,0
PNQ-1001,Amit B,Baner,89964bc,Day,4.4,14,11,55,7436.6,0
PNQ-1001,Amit B,Baner,89964bc,Day,4.4,14,12,55,6429.95,0
PNQ-1002,Kavita C,Viman Nagar,89964ed,Night,4.1,31,1,44,4961.04,0
PNQ-1002,Kavita C,Viman Nagar,89964ed,Night,4.1,31,2,56,5556.31,0
PNQ-1002,Kavita C,Viman Nagar,89964ed,Night,4.1,31,3,62,7185.72,0
PNQ-1002,Kavita C,Viman Nagar,89964ed,Night,4.1,31,4,59,7488.66,0
PNQ-1002,Kavita C,Viman Nagar,89964ed,Night,4.1,31,5,66,8303.52,0
PNQ-1002,Kavita C,Viman Nagar,89964ed,Night,4.1,31,6,64,6661.9,0
PNQ-1002,Kavita C,Viman Nagar,89964ed,Night,4.1,31,7,37,4408.78,0
PNQ-1002,Kavita C,Viman Nagar,89964ed,Night,4.1,31,8,49,6546.09,0
PNQ-1002,Kavita C,Viman Nagar,89964ed,Night,4.1,31,9,69,8124.3,0
PNQ-1002,Kavita C,Viman Nagar,89964ed,Night,4.1,31,10,56,7967.79,0
PNQ-1002,Kavita C,Viman Nagar,89964ed,Night,4.1,31,11,55,6696.46,0
PNQ-1002,Kavita C,Viman Nagar,89964ed,Night,4.1,31,12,42,5684.47,0
PNQ-1003,Kavita D,Baner,89964bc,Day,4.3,47,1,56,8029.57,0
PNQ-1003,Kavita D,Baner,89964bc,Day,4.3,47,2,61,8297.41,0
PNQ-1003,Kavita D,Baner,89964bc,Day,4.3,47,3,52,7421.22,0
PNQ-1003,Kavita D,Baner,89964bc,Day,4.3,47,4,55,8006.69,0
PNQ-1003,Kavita D,Baner,89964bc,Day,4.3,47,5,54,7527.4,0
PNQ-1003,Kavita D,Baner,89964bc,Day,4.3,47,6,51,6385.62,0
PNQ-1003,Kavita D,Baner,89964bc,Day,4.3,47,7,31,3044.61,0
PNQ-1003,Kavita D,Baner,89964bc,Day,4.3,47,8,53,5721.69,0
PNQ-1003,Kavita D,Baner,89964bc,Day,4.3,47,9,54,7346.28,0
PNQ-1003,Kavita D,Baner,89964bc,Day,4.3,47,10,63,7457.14,0
PNQ-1003,Kavita D,Baner,89964bc,Day,4.3,47,11,57,5627.71,0
PNQ-1003,Kavita D,Baner,89964bc,Day,4.3,47,12,56,7015.65,0
PNQ-1004,Rahul E,Hadapsar,89964fe,Day,4.5,29,1,52,7259.73,0
PNQ-1004,Rahul E,Hadapsar,89964fe,Day,4.5,29,2,43,4666.58,0
PNQ-1004,Rahul E,Hadapsar,89964fe,Day,4.5,29,3,49,5060.66,0
PNQ-1004,Rahul E,Hadapsar,89964fe,Day,4.5,29,4,44,4511.92,0
PNQ-1004,Rahul E,Hadapsar,89964fe,Day,4.5,29,5,70,9019.52,0
PNQ-1004,Rahul E,Hadapsar,89964fe,Day,4.5,29,6,59,6096.81,0
PNQ-1004,Rahul E,Hadapsar,89964fe,Day,4.5,29,7,56,6469.08,0
PNQ-1004,Rahul E,Hadapsar,89964fe,Day,4.5,29,8,63,8330.76,0
PNQ-1004,Rahul E,Hadapsar,89964fe,Day,4.5,29,9,53,5221.77,0
PNQ-1004,Rahul E,Hadapsar,89964fe,Day,4.5,29,10,46,4723.33,0
PNQ-1004,Rahul E,Hadapsar,89964fe,Day,4.5,29,11,47,5607.35,0
PNQ-1004,Rahul E,Hadapsar,89964fe,Day,4.5,29,12,48,6549.8,0
PNQ-1005,Priya F,Hadapsar,89964fe,Day,4.5,38,1,53,6733.55,0
PNQ-1005,Priya F,Hadapsar,89964fe,Day,4.5,38,2,47,5482.38,0
PNQ-1005,Priya F,Hadapsar,89964fe,Day,4.5,38,3,57,6580.86,0
PNQ-1005,Priya F,Hadapsar,89964fe,Day,4.5,38,4,47,4610.78,0
PNQ-1005,Priya F,Hadapsar,89964fe,Day,4.5,38,5,48,6386.36,0
PNQ-1005,Priya F,Hadapsar,89964fe,Day,4.5,38,6,47,5051.65,0
PNQ-1005,Priya F,Hadapsar,89964fe,Day,4.5,38,7,51,5919.45,0
PNQ-1005,Priya F,Hadapsar,89964fe,Day,4.5,38,8,56,6312.48,0
PNQ-1005,Priya F,Hadapsar,89964fe,Day,4.5,38,9,50,5095.02,0
PNQ-1005,Priya F,Hadapsar,89964fe,Day,4.5,38,10,51,5252.29,0
PNQ-1005,Priya F,Hadapsar,89964fe,Day,4.5,38,11,58,7910.81,0
PNQ-1005,Priya F,Hadapsar,89964fe,Day,4.5,38,12,55,7826.9,0
PNQ-1006,Suresh G,Hadapsar,89964fe,Night,4.8,17,1,50,4861.37,0
PNQ-1006,Suresh G,Hadapsar,89964fe,Night,4.8,17,2,48,6389.45,0
PNQ-1006,Suresh G,Hadapsar,89964fe,Night,4.8,17,3,44,4991.46,0
PNQ-1006,Suresh G,Hadapsar,89964fe,Night,4.8,17,4,38,5362.6,0
PNQ-1006,Suresh G,Hadapsar,89964fe,Night,4.8,17,5,54,6029.75,0
PNQ-1006,Suresh G,Hadapsar,89964fe,Night,4.8,17,6,52,6097.08,0
PNQ-1006,Suresh G,Hadapsar,89964fe,Night,4.8,17,7,51,7087.95,0
PNQ-1006,Suresh G,Hadapsar,89964fe,Night,4.8,17,8,53,6415.61,0
PNQ-1006,Suresh G,Hadapsar,89964fe,Night,4.8,17,9,47,5042.18,0
PNQ-1006,Suresh G,Hadapsar,89964fe,Night,4.8,17,10,43,4428.53,0
PNQ-1006,Suresh G,Hadapsar,89964fe,Night,4.8,17,11,53,5855.4,0
PNQ-1006,Suresh G,Hadapsar,89964fe,Night,4.8,17,12,47,6083.28,0
PNQ-1007,Suresh H,Baner,89964bc,Night,4.7,8,1,51,6316.98,0
PNQ-1007,Suresh H,Baner,89964bc,Night,4.7,8,2,44,6259.27,0
PNQ-1007,Suresh H,Baner,89964bc,Night,4.7,8,3,54,6010.79,0
PNQ-1007,Suresh H,Baner,89964bc,Night,4.7,8,4,51,7395.2,0
PNQ-1007,Suresh H,Baner,89964bc,Night,4.7,8,5,61,6942.04,0
PNQ-1007,Suresh H,Baner,89964bc,Night,4.7,8,6,51,5751.24,0
PNQ-1007,Suresh H,Baner,89964bc,Night,4.7,8,7,63,6451.42,0
PNQ-1007,Suresh H,Baner,89964bc,Night,4.7,8,8,61,8232.1,0
PNQ-1007,Suresh H,Baner,89964bc,Night,4.7,8,9,55,6996.45,0
PNQ-1007,Suresh H,Baner,89964bc,Night,4.7,8,10,55,5495.06,0
PNQ-1007,Suresh H,Baner,89964bc,Night,4.7,8,11,53,5682.31,0
PNQ-1007,Suresh H,Baner,89964bc,Night,4.7,8,12,47,5709.76,0
PNQ-1008,Kavita I,Hadapsar,89964fe,Day,4.6,9,1,52,5576.07,0
PNQ-1008,Kavita I,Hadapsar,89964fe,Day,4.6,9,2,43,5671.98,0
PNQ-1008,Kavita I,Hadapsar,89964fe,Day,4.6,9,3,48,6088.59,0
PNQ-1008,Kavita I,Hadapsar,89964fe,Day,4.6,9,4,58,6476.76,0
PNQ-1008,Kavita I,Hadapsar,89964fe,Day,4.6,9,5,51,5427.0,0
PNQ-1008,Kavita I,Hadapsar,89964fe,Day,4.6,9,6,38,5346.89,0
PNQ-1008,Kavita I,Hadapsar,89964fe,Day,4.6,9,7,51,7299.28,0
PNQ-1008,Kavita I,Hadapsar,89964fe,Day,4.6,9,8,37,3775.82,0
PNQ-1008,Kavita I,Hadapsar,89964fe,Day,4.6,9,9,37,5139.09,0
PNQ-1008,Kavita I,Hadapsar,89964fe,Day,4.6,9,10,53,5285.83,0
PNQ-1008,Kavita I,Hadapsar,89964fe,Day,4.6,9,11,61,7260.01,0
PNQ-1008,Kavita I,Hadapsar,89964fe,Day,4.6,9,12,45,5565.52,0
PNQ-1009,Rahul J,Hadapsar,89964fe,Day,4.5,47,1,59,6840.01,0
PNQ-1009,Rahul J,Hadapsar,89964fe,Day,4.5,47,2,49,7081.0,0
PNQ-1009,Rahul J,Hadapsar,89964fe,Day,4.5,47,3,64,6591.44,0
PNQ-1009,Rahul J,Hadapsar,89964fe,Day,4.5,47,4,47,6520.2,0
PNQ-1009,Rahul J,Hadapsar,89964fe,Day,4.5,47,5,50,5988.04,0
PNQ-1009,Rahul J,Hadapsar,89964fe,Day,4.5,47,6,51,6539.55,0
PNQ-1009,Rahul J,Hadapsar,89964fe,Day,4.5,47,7,63,6803.62,0
PNQ-1009,Rahul J,Hadapsar,89964fe,Day,4.5,47,8,48,6214.28,0
PNQ-1009,Rahul J,Hadapsar,89964fe,Day,4.5,47,9,48,6482.38,0
PNQ-1009,Rahul J,Hadapsar,89964fe,Day,4.5,47,10,55,7982.47,0
PNQ-1009,Rahul J,Hadapsar,89964fe,Day,4.5,47,11,41,4280.93,0
PNQ-1009,Rahul J,Hadapsar,89964fe,Day,4.5,47,12,44,5566.58,0
PNQ-1010,Priya K,Viman Nagar,89964ed,Day,4.7,33,1,59,7721.01,0
PNQ-1010,Priya K,Viman Nagar,89964ed,Day,4.7,33,2,44,6274.51,0
PNQ-1010,Priya K,Viman Nagar,89964ed,Day,4.7,33,3,55,7299.56,0
PNQ-1010,Priya K,Viman Nagar,89964ed,Day,4.7,33,4,47,5145.62,0
PNQ-1010,Priya K,Viman Nagar,89964ed,Day,4.7,33,5,52,6162.41,0
PNQ-1010,Priya K,Viman Nagar,89964ed,Day,4.7,33,6,43,6110.22,0
PNQ-1010,Priya K,Viman Nagar,89964ed,Day,4.7,33,7,46,6193.38,0
PNQ-1010,Priya K,Viman Nagar,89964ed,Day,4.7,33,8,60,7364.75,0
PNQ-1010,Priya K,Viman Nagar,89964ed,Day,4.7,33,9,55,6371.63,0
PNQ-1010,Priya K,Viman Nagar,89964ed,Day,4.7,33,10,75,8255.5,0
PNQ-1010,Priya K,Viman Nagar,89964ed,Day,4.7,33,11,55,7889.27,0
PNQ-1010,Priya K,Viman Nagar,89964ed,Day,4.7,33,12,70,9094.16,0
PNQ-1011,Priya L,Baner,89964bc,Night,4.5,18,1,67,9662.98,0
PNQ-1011,Priya L,Baner,89964bc,Night,4.5,18,2,60,6957.01,0
PNQ-1011,Priya L,Baner,89964bc,Night,4.5,18,3,45,5775.45,0
PNQ-1011,Priya L,Baner,89964bc,Night,4.5,18,4,59,8082.82,0
PNQ-1011,Priya L,Baner,89964bc,Night,4.5,18,5,57,7618.01,0
PNQ-1011,Priya L,Baner,89964bc,Night,4.5,18,6,51,7437.39,0
PNQ-1011,Priya L,Baner,89964bc,Night,4.5,18,7,48,6061.29,0
PNQ-1011,Priya L,Baner,89964bc,Night,4.5,18,8,46,4648.33,0
PNQ-1011,Priya L,Baner,89964bc,Night,4.5,18,9,53,5860.72,0
PNQ-1011,Priya L,Baner,89964bc,Night,4.5,18,10,46,6324.12,0
PNQ-1011,Priya L,Baner,89964bc,Night,4.5,18,11,49,6119.8,0
PNQ-1011,Priya L,Baner,89964bc,Night,4.5,18,12,61,8468.35,0
PNQ-1012,Rahul M,Viman Nagar,89964ed,Day,4.8,33,1,59,7194.37,0
PNQ-1012,Rahul M,Viman Nagar,89964ed,Day,4.8,33,2,58,7734.57,0
PNQ-1012,Rahul M,Viman Nagar,89964ed,Day,4.8,33,3,61,7357.98,0
PNQ-1012,Rahul M,Viman Nagar,89964ed,Day,4.8,33,4,52,5745.08,0
PNQ-1012,Rahul M,Viman Nagar,89964ed,Day,4.8,33,5,54,7432.26,0
PNQ-1012,Rahul M,Viman Nagar,89964ed,Day,4.8,33,6,49,6355.28,0
PNQ-1012,Rahul M,Viman Nagar,89964ed,Day,4.8,33,7,53,6400.72,0
PNQ-1012,Rahul M,Viman Nagar,89964ed,Day,4.8,33,8,47,4982.64,0
PNQ-1012,Rahul M,Viman Nagar,89964ed,Day,4.8,33,9,50,6854.65,0
PNQ-1012,Rahul M,Viman Nagar,89964ed,Day,4.8,33,10,55,7730.91,0
PNQ-1012,Rahul M,Viman Nagar,89964ed,Day,4.8,33,11,57,7683.02,0
PNQ-1012,Rahul M,Viman Nagar,89964ed,Day,4.8,33,12,57,6983.96,0
PNQ-1013,Deepak N,Viman Nagar,89964ed,Night,4.8,40,1,52,6306.13,0
PNQ-1013,Deepak N,Viman Nagar,89964ed,Night,4.8,40,2,46,6008.51,0
PNQ-1013,Deepak N,Viman Nagar,89964ed,Night,4.8,40,3,66,7655.47,0
PNQ-1013,Deepak N,Viman Nagar,89964ed,Night,4.8,40,4,66,8930.78,0
PNQ-1013,Deepak N,Viman Nagar,89964ed,Night,4.8,40,5,67,8799.75,0
PNQ-1013,Deepak N,Viman Nagar,89964ed,Night,4.8,40,6,46,6240.81,0
PNQ-1013,Deepak N,Viman Nagar,89964ed,Night,4.8,40,7,47,6167.93,0
PNQ-1013,Deepak N,Viman Nagar,89964ed,Night,4.8,40,8,63,7987.68,0
PNQ-1013,Deepak N,Viman Nagar,89964ed,Night,4.8,40,9,56,6347.41,0
PNQ-1013,Deepak N,Viman Nagar,89964ed,Night,4.8,40,10,56,7816.94,0
PNQ-1013,Deepak N,Viman Nagar,89964ed,Night,4.8,40,11,69,6727.85,0
PNQ-1013,Deepak N,Viman Nagar,89964ed,Night,4.8,40,12,48,5714.4,0
PNQ-1014,Kavita O,Baner,89964bc,Night,4.9,32,1,54,6631.43,0
PNQ-1014,Kavita O,Baner,89964bc,Night,4.9,32,2,53,5866.92,0
PNQ-1014,Kavita O,Baner,89964bc,Night,4.9,32,3,56,7993.57,0
PNQ-1014,Kavita O,Baner,89964bc,Night,4.9,32,4,48,7035.61,0
PNQ-1014,Kavita O,Baner,89964bc,Night,4.9,32,5,43,4676.22,0
PNQ-1014,Kavita O,Baner,89964bc,Night,4.9,32,6,57,5569.39,0
PNQ-1014,Kavita O,Baner,89964bc,Night,4.9,32,7,48,6416.04,0
PNQ-1014,Kavita O,Baner,89964bc,Night,4.9,32,8,53,5296.2,0
PNQ-1014,Kavita O,Baner,89964bc,Night,4.9,32,9,54,6648.01,0
PNQ-1014,Kavita O,Baner,89964bc,Night,4.9,32,10,78,9234.51,0
PNQ-1014,Kavita O,Baner,89964bc,Night,4.9,32,11,47,5043.42,0
PNQ-1014,Kavita O,Baner,89964bc,Night,4.9,32,12,62,8096.12,0
PNQ-1015,Suresh P,Kothrud,89964d1,Night,4.5,20,1,37,3365.4,0
PNQ-1015,Suresh P,Kothrud,89964d1,Night,4.5,20,2,18,2105.26,1
PNQ-1015,Suresh P,Kothrud,89964d1,Night,4.5,20,3,10,831.12,1
PNQ-1015,Suresh P,Kothrud,89964d1,Night,4.5,20,4,57,5558.12,0
PNQ-1015,Suresh P,Kothrud,89964d1,Night,4.5,20,5,56,5694.99,0
PNQ-1015,Suresh P,Kothrud,89964d1,Night,4.5,20,6,51,4739.09,0
PNQ-1015,Suresh P,Kothrud,89964d1,Night,4.5,20,7,58,5269.33,0
PNQ-1015,Suresh P,Kothrud,89964d1,Night,4.5,20,8,58,4512.92,0
PNQ-1015,Suresh P,Kothrud,89964d1,Night,4.5,20,9,55,5454.14,0
PNQ-1015,Suresh P,Kothrud,89964d1,Night,4.5,20,10,45,3971.41,0
PNQ-1015,Suresh P,Kothrud,89964d1,Night,4.5,20,11,5,511.55,1
PNQ-1015,Suresh P,Kothrud,89964d1,Night,4.5,20,12,45,4105.3,0
PNQ-1016,Amit Q,Hadapsar,89964fe,Night,4.6,29,1,49,7053.22,0
PNQ-1016,Amit Q,Hadapsar,89964fe,Night,4.6,29,2,51,6332.1,0
PNQ-1016,Amit Q,Hadapsar,89964fe,Night,4.6,29,3,56,6550.49,0
PNQ-1016,Amit Q,Hadapsar,89964fe,Night,4.6,29,4,64,7137.33,0
PNQ-1016,Amit Q,Hadapsar,89964fe,Night,4.6,29,5,56,7256.79,0
PNQ-1016,Amit Q,Hadapsar,89964fe,Night,4.6,29,6,57,5970.46,0
PNQ-1016,Amit Q,Hadapsar,89964fe,Night,4.6,29,7,42,5737.58,0
PNQ-1016,Amit Q,Hadapsar,89964fe,Night,4.6,29,8,53,5427.17,0
PNQ-1016,Amit Q,Hadapsar,89964fe,Night,4.6,29,9,56,6693.69,0
PNQ-1016,Amit Q,Hadapsar,89964fe,Night,4.6,29,10,59,7896.28,0
PNQ-1016,Amit Q,Hadapsar,89964fe,Night,4.6,29,11,52,6784.97,0
PNQ-1016,Amit Q,Hadapsar,89964fe,Night,4.6,29,12,66,9476.28,0
PNQ-1017,Amit R,Hadapsar,89964fe,Night,4.6,24,1,55,7720.94,0
PNQ-1017,Amit R,Hadapsar,89964fe,Night,4.6,24,2,55,6850.87,0
PNQ-1017,Amit R,Hadapsar,89964fe,Night,4.6,24,3,56,5471.61,0
PNQ-1017,Amit R,Hadapsar,89964fe,Night,4.6,24,4,45,6416.76,0
PNQ-1017,Amit R,Hadapsar,89964fe,Night,4.6,24,5,47,6771.39,0
PNQ-1017,Amit R,Hadapsar,89964fe,Night,4.6,24,6,55,6256.55,0
PNQ-1017,Amit R,Hadapsar,89964fe,Night,4.6,24,7,57,7306.96,0
PNQ-1017,Amit R,Hadapsar,89964fe,Night,4.6,24,8,58,6118.28,0
PNQ-1017,Amit R,Hadapsar,89964fe,Night,4.6,24,9,58,6444.97,0
PNQ-1017,Amit R,Hadapsar,89964fe,Night,4.6,24,10,59,7499.02,0
PNQ-1017,Amit R,Hadapsar,89964fe,Night,4.6,24,11,56,6277.97,0
PNQ-1017,Amit R,Hadapsar,89964fe,Night,4.6,24,12,52,6469.59,0
PNQ-1018,Deepak S,Hadapsar,89964fe,Day,4.7,21,1,51,7486.75,0
PNQ-1018,Deepak S,Hadapsar,89964fe,Day,4.7,21,2,60,8719.02,0
PNQ-1018,Deepak S,Hadapsar,89964fe,Day,4.7,21,3,66,7196.01,0
PNQ-1018,Deepak S,Hadapsar,89964fe,Day,4.7,21,4,51,6951.56,0
PNQ-1018,Deepak S,Hadapsar,89964fe,Day,4.7,21,5,47,4618.28,0
PNQ-1018,Deepak S,Hadapsar,89964fe,Day,4.7,21,6,58,7080.1,0
PNQ-1018,Deepak S,Hadapsar,89964fe,Day,4.7,21,7,56,6926.2,0
PNQ-1018,Deepak S,Hadapsar,89964fe,Day,4.7,21,8,64,6388.2,0
PNQ-1018,Deepak S,Hadapsar,89964fe,Day,4.7,21,9,64,7427.83,0
PNQ-1018,Deepak S,Hadapsar,89964fe,Day,4.7,21,10,59,8020.69,0
PNQ-1018,Deepak S,Hadapsar,89964fe,Day,4.7,21,11,53,5942.21,0
PNQ-1018,Deepak S,Hadapsar,89964fe,Day,4.7,21,12,61,8823.18,0
PNQ-1019,Sneha T,Hinjewadi,89964af,Day,4.9,14,1,43,4667.01,0
PNQ-1019,Sneha T,Hinjewadi,89964af,Day,4.9,14,2,47,6145.67,0
PNQ-1019,Sneha T,Hinjewadi,89964af,Day,4.9,14,3,38,5569.96,0
PNQ-1019,Sneha T,Hinjewadi,89964af,Day,4.9,14,4,63,7682.78,0
PNQ-1019,Sneha T,Hinjewadi,89964af,Day,4.9,14,5,58,5551.97,0
PNQ-1019,Sneha T,Hinjewadi,89964af,Day,4.9,14,6,55,7733.27,0
PNQ-1019,Sneha T,Hinjewadi,89964af,Day,4.9,14,7,43,5960.96,0
PNQ-1019,Sneha T,Hinjewadi,89964af,Day,4.9,14,8,56,5902.81,0
PNQ-1019,Sneha T,Hinjewadi,89964af,Day,4.9,14,9,52,5310.43,0
PNQ-1019,Sneha T,Hinjewadi,89964af,Day,4.9,14,10,49,4813.5,0
PNQ-1019,Sneha T,Hinjewadi,89964af,Day,4.9,14,11,52,6069.1,0
PNQ-1019,Sneha T,Hinjewadi,89964af,Day,4.9,14,12,57,5506.02,0
PNQ-1020,Priya U,Kothrud,89964d1,Day,4.5,8,1,43,4627.88,0
PNQ-1020,Priya U,Kothrud,89964d1,Day,4.5,8,2,54,4345.62,0
PNQ-1020,Priya U,Kothrud,89964d1,Day,4.5,8,3,57,6020.58,0
PNQ-1020,Priya U,Kothrud,89964d1,Day,4.5,8,4,63,5135.08,0
PNQ-1020,Priya U,Kothrud,89964d1,Day,4.5,8,5,63,4739.18,0
PNQ-1020,Priya U,Kothrud,89964d1,Day,4.5,8,6,66,7196.18,0
PNQ-1020,Priya U,Kothrud,89964d1,Day,4.5,8,7,55,5911.18,0
PNQ-1020,Priya U,Kothrud,89964d1,Day,4.5,8,8,53,4936.87,0
PNQ-1020,Priya U,Kothrud,89964d1,Day,4.5,8,9,50,4201.3,0
PNQ-1020,Priya U,Kothrud,89964d1,Day,4.5,8,10,61,6692.85,0
PNQ-1020,Priya U,Kothrud,89964d1,Day,4.5,8,11,47,3783.73,0
PNQ-1020,Priya U,Kothrud,89964d1,Day,4.5,8,12,50,3973.45,0
PNQ-1021,Vikram V,Viman Nagar,89964ed,Night,4.8,18,1,46,4755.35,0
PNQ-1021,Vikram V,Viman Nagar,89964ed,Night,4.8,18,2,60,8731.0,0
PNQ-1021,Vikram V,Viman Nagar,89964ed,Night,4.8,18,3,67,7805.64,0
PNQ-1021,Vikram V,Viman Nagar,89964ed,Night,4.8,18,4,49,6435.83,0
PNQ-1021,Vikram V,Viman Nagar,89964ed,Night,4.8,18,5,47,4877.48,0
PNQ-1021,Vikram V,Viman Nagar,89964ed,Night,4.8,18,6,67,9190.87,0
PNQ-1021,Vikram V,Viman Nagar,89964ed,Night,4.8,18,7,55,7157.2,0
PNQ-1021,Vikram V,Viman Nagar,89964ed,Night,4.8,18,8,63,7807.85,0
PNQ-1021,Vikram V,Viman Nagar,89964ed,Night,4.8,18,9,49,4954.22,0
PNQ-1021,Vikram V,Viman Nagar,89964ed,Night,4.8,18,10,44,4604.99,0
PNQ-1021,Vikram V,Viman Nagar,89964ed,Night,4.8,18,11,47,5762.53,0
PNQ-1021,Vikram V,Viman Nagar,89964ed,Night,4.8,18,12,64,8175.39,0
PNQ-1022,Rohan W,Viman Nagar,89964ed,Night,4.7,46,1,67,9156.82,0
PNQ-1022,Rohan W,Viman Nagar,89964ed,Night,4.7,46,2,63,8462.76,0
PNQ-1022,Rohan W,Viman Nagar,89964ed,Night,4.7,46,3,45,6587.41,0
PNQ-1022,Rohan W,Viman Nagar,89964ed,Night,4.7,46,4,72,10170.19,0
PNQ-1022,Rohan W,Viman Nagar,89964ed,Night,4.7,46,5,51,6805.98,0
PNQ-1022,Rohan W,Viman Nagar,89964ed,Night,4.7,46,6,68,9044.54,0
PNQ-1022,Rohan W,Viman Nagar,89964ed,Night,4.7,46,7,39,4102.6,0
PNQ-1022,Rohan W,Viman Nagar,89964ed,Night,4.7,46,8,71,9075.93,0
PNQ-1022,Rohan W,Viman Nagar,89964ed,Night,4.7,46,9,50,6154.44,0
PNQ-1022,Rohan W,Viman Nagar,89964ed,Night,4.7,46,10,52,5414.12,0
PNQ-1022,Rohan W,Viman Nagar,89964ed,Night,4.7,46,11,52,7139.06,0
PNQ-1022,Rohan W,Viman Nagar,89964ed,Night,4.7,46,12,55,6461.93,0
PNQ-1023,Sneha X,Baner,89964bc,Day,4.8,38,1,59,8478.93,0
PNQ-1023,Sneha X,Baner,89964bc,Day,4.8,38,2,63,8397.64,0
PNQ-1023,Sneha X,Baner,89964bc,Day,4.8,38,3,51,7076.32,0
PNQ-1023,Sneha X,Baner,89964bc,Day,4.8,38,4,58,8235.0,0
PNQ-1023,Sneha X,Baner,89964bc,Day,4.8,38,5,59,7790.17,0
PNQ-1023,Sneha X,Baner,89964bc,Day,4.8,38,6,49,6367.49,0
PNQ-1023,Sneha X,Baner,89964bc,Day,4.8,38,7,61,6171.03,0
PNQ-1023,Sneha X,Baner,89964bc,Day,4.8,38,8,43,5338.57,0
PNQ-1023,Sneha X,Baner,89964bc,Day,4.8,38,9,57,7996.88,0
PNQ-1023,Sneha X,Baner,89964bc,Day,4.8,38,10,70,9839.08,0
PNQ-1023,Sneha X,Baner,89964bc,Day,4.8,38,11,38,5060.03,0
PNQ-1023,Sneha X,Baner,89964bc,Day,4.8,38,12,62,7330.83,0
PNQ-1024,Priya Y,Kothrud,89964d1,Day,4.9,23,1,57,5035.34,0
PNQ-1024,Priya Y,Kothrud,89964d1,Day,4.9,23,2,46,3888.31,0
PNQ-1024,Priya Y,Kothrud,89964d1,Day,4.9,23,3,60,4580.69,0
PNQ-1024,Priya Y,Kothrud,89964d1,Day,4.9,23,4,63,6037.58,0
PNQ-1024,Priya Y,Kothrud,89964d1,Day,4.9,23,5,51,4109.22,0
PNQ-1024,Priya Y,Kothrud,89964d1,Day,4.9,23,6,62,6052.81,0
PNQ-1024,Priya Y,Kothrud,89964d1,Day,4.9,23,7,45,4681.42,0
PNQ-1024,Priya Y,Kothrud,89964d1,Day,4.9,23,8,56,4172.89,0
PNQ-1024,Priya Y,Kothrud,89964d1,Day,4.9,23,9,58,5628.53,0
PNQ-1024,Priya Y,Kothrud,89964d1,Day,4.9,23,10,68,7911.6,0
PNQ-1024,Priya Y,Kothrud,89964d1,Day,4.9,23,11,65,5096.93,0
PNQ-1024,Priya Y,Kothrud,89964d1,Day,4.9,23,12,63,6457.49,0
PNQ-1025,Rahul Z,Hinjewadi,89964af,Day,4.6,20,1,52,5350.19,0
PNQ-1025,Rahul Z,Hinjewadi,89964af,Day,4.6,20,2,55,6656.28,0
PNQ-1025,Rahul Z,Hinjewadi,89964af,Day,4.6,20,3,54,5662.9,0
PNQ-1025,Rahul Z,Hinjewadi,89964af,Day,4.6,20,4,58,5946.06,0
PNQ-1025,Rahul Z,Hinjewadi,89964af,Day,4.6,20,5,51,7443.64,0
PNQ-1025,Rahul Z,Hinjewadi,89964af,Day,4.6,20,6,53,5076.79,0
PNQ-1025,Rahul Z,Hinjewadi,89964af,Day,4.6,20,7,64,8068.68,0
PNQ-1025,Rahul Z,Hinjewadi,89964af,Day,4.6,20,8,47,4858.09,0
PNQ-1025,Rahul Z,Hinjewadi,89964af,Day,4.6,20,9,45,5687.87,0
PNQ-1025,Rahul Z,Hinjewadi,89964af,Day,4.6,20,10,52,5072.77,0
PNQ-1025,Rahul Z,Hinjewadi,89964af,Day,4.6,20,11,56,5535.48,0
PNQ-1025,Rahul Z,Hinjewadi,89964af,Day,4.6,20,12,46,5318.03,0
PNQ-1026,Kavita A,Viman Nagar,89964ed,Day,4.7,2,1,66,6983.45,0
PNQ-1026,Kavita A,Viman Nagar,89964ed,Day,4.7,2,2,47,6452.49,0
PNQ-1026,Kavita A,Viman Nagar,89964ed,Day,4.7,2,3,64,8502.92,0
PNQ-1026,Kavita A,Viman Nagar,89964ed,Day,4.7,2,4,76,7722.81,0
PNQ-1026,Kavita A,Viman Nagar,89964ed,Day,4.7,2,5,62,6980.45,0
PNQ-1026,Kavita A,Viman Nagar,89964ed,Day,4.7,2,6,51,5090.89,0
PNQ-1026,Kavita A,Viman Nagar,89964ed,Day,4.7,2,7,60,6526.04,0
PNQ-1026,Kavita A,Viman Nagar,89964ed,Day,4.7,2,8,48,4931.1,0
PNQ-1026,Kavita A,Viman Nagar,89964ed,Day,4.7,2,9,66,8944.2,0
PNQ-1026,Kavita A,Viman Nagar,89964ed,Day,4.7,2,10,56,6159.48,0
PNQ-1026,Kavita A,Viman Nagar,89964ed,Day,4.7,2,11,53,5151.95,0
PNQ-1026,Kavita A,Viman Nagar,89964ed,Day,4.7,2,12,42,4888.07,0
PNQ-1027,Amit B,Kothrud,89964d1,Day,4.6,40,1,39,3234.08,0
PNQ-1027,Amit B,Kothrud,89964d1,Day,4.6,40,2,62,5077.63,0
PNQ-1027,Amit B,Kothrud,89964d1,Day,4.6,40,3,65,7609.06,0
PNQ-1027,Amit B,Kothrud,89964d1,Day,4.6,40,4,66,5089.51,0
PNQ-1027,Amit B,Kothrud,89964d1,Day,4.6,40,5,53,4980.14,0
PNQ-1027,Amit B,Kothrud,89964d1,Day,4.6,40,6,52,6402.37,0
PNQ-1027,Amit B,Kothrud,89964d1,Day,4.6,40,7,41,4027.91,0
PNQ-1027,Amit B,Kothrud,89964d1,Day,4.6,40,8,54,6294.17,0
PNQ-1027,Amit B,Kothrud,89964d1,Day,4.6,40,9,46,4189.04,0
PNQ-1027,Amit B,Kothrud,89964d1,Day,4.6,40,10,50,4896.29,0
PNQ-1027,Amit B,Kothrud,89964d1,Day,4.6,40,11,60,6634.21,0
PNQ-1027,Amit B,Kothrud,89964d1,Day,4.6,40,12,55,5133.5,0
PNQ-1028,Priya C,Viman Nagar,89964ed,Night,4.2,43,1,49,6145.76,0
PNQ-1028,Priya C,Viman Nagar,89964ed,Night,4.2,43,2,50,5895.81,0
PNQ-1028,Priya C,Viman Nagar,89964ed,Night,4.2,43,3,43,6020.09,0
PNQ-1028,Priya C,Viman Nagar,89964ed,Night,4.2,43,4,46,5231.81,0
PNQ-1028,Priya C,Viman Nagar,89964ed,Night,4.2,43,5,58,5866.87,0
PNQ-1028,Priya C,Viman Nagar,89964ed,Night,4.2,43,6,40,4845.86,0
PNQ-1028,Priya C,Viman Nagar,89964ed,Night,4.2,43,7,47,6860.38,0
PNQ-1028,Priya C,Viman Nagar,89964ed,Night,4.2,43,8,47,6483.78,0
PNQ-1028,Priya C,Viman Nagar,89964ed,Night,4.2,43,9,53,5823.38,0
PNQ-1028,Priya C,Viman Nagar,89964ed,Night,4.2,43,10,39,5374.92,0
PNQ-1028,Priya C,Viman Nagar,89964ed,Night,4.2,43,11,38,4908.63,0
PNQ-1028,Priya C,Viman Nagar,89964ed,Night,4.2,43,12,51,6421.94,0
PNQ-1029,Amit D,Hinjewadi,89964af,Day,5.0,4,1,67,8972.63,0
PNQ-1029,Amit D,Hinjewadi,89964af,Day,5.0,4,2,48,6875.2,0
PNQ-1029,Amit D,Hinjewadi,89964af,Day,5.0,4,3,60,7796.37,0
PNQ-1029,Amit D,Hinjewadi,89964af,Day,5.0,4,4,55,6988.53,0
PNQ-1029,Amit D,Hinjewadi,89964af,Day,5.0,4,5,40,4749.56,0
PNQ-1029,Amit D,Hinjewadi,89964af,Day,5.0,4,6,65,6562.97,0
PNQ-1029,Amit D,Hinjewadi,89964af,Day,5.0,4,7,42,5828.89,0
PNQ-1029,Amit D,Hinjewadi,89964af,Day,5.0,4,8,60,8644.71,0
PNQ-1029,Amit D,Hinjewadi,89964af,Day,5.0,4,9,55,6488.39,0
PNQ-1029,Amit D,Hinjewadi,89964af,Day,5.0,4,10,49,5063.48,0
PNQ-1029,Amit D,Hinjewadi,89964af,Day,5.0,4,11,54,6063.57,0
PNQ-1029,Amit D,Hinjewadi,89964af,Day,5.0,4,12,54,5888.92,0
PNQ-1030,Amit E,Kothrud,89964d1,Night,4.7,23,1,62,5167.8,0
PNQ-1030,Amit E,Kothrud,89964d1,Night,4.7,23,2,45,5000.78,0
PNQ-1030,Amit E,Kothrud,89964d1,Night,4.7,23,3,63,5563.03,0
PNQ-1030,Amit E,Kothrud,89964d1,Night,4.7,23,4,48,3609.3,0
PNQ-1030,Amit E,Kothrud,89964d1,Night,4.7,23,5,6,714.81,1
PNQ-1030,Amit E,Kothrud,89964d1,Night,4.7,23,6,61,6407.93,0
PNQ-1030,Amit E,Kothrud,89964d1,Night,4.7,23,7,50,4471.59,0
PNQ-1030,Amit E,Kothrud,89964d1,Night,4.7,23,8,51,4710.85,0
PNQ-1030,Amit E,Kothrud,89964d1,Night,4.7,23,9,49,3880.13,0
PNQ-1030,Amit E,Kothrud,89964d1,Night,4.7,23,10,52,5310.16,0
PNQ-1030,Amit E,Kothrud,89964d1,Night,4.7,23,11,61,5439.73,0
PNQ-1030,Amit E,Kothrud,89964d1,Night,4.7,23,12,53,6260.15,0
PNQ-1031,Rahul F,Hinjewadi,89964af,Day,4.3,39,1,45,5455.48,0
PNQ-1031,Rahul F,Hinjewadi,89964af,Day,4.3,39,2,50,6515.81,0
PNQ-1031,Rahul F,Hinjewadi,89964af,Day,4.3,39,3,37,4687.7,0
PNQ-1031,Rahul F,Hinjewadi,89964af,Day,4.3,39,4,49,6772.55,0
PNQ-1031,Rahul F,Hinjewadi,89964af,Day,4.3,39,5,64,7862.06,0
PNQ-1031,Rahul F,Hinjewadi,89964af,Day,4.3,39,6,44,4779.7,0
PNQ-1031,Rahul F,Hinjewadi,89964af,Day,4.3,39,7,66,6715.47,0
PNQ-1031,Rahul F,Hinjewadi,89964af,Day,4.3,39,8,59,8209.97,0
PNQ-1031,Rahul F,Hinjewadi,89964af,Day,4.3,39,9,45,6365.28,0
PNQ-1031,Rahul F,Hinjewadi,89964af,Day,4.3,39,10,69,9852.86,0
PNQ-1031,Rahul F,Hinjewadi,89964af,Day,4.3,39,11,66,7370.51,0
PNQ-1031,Rahul F,Hinjewadi,89964af,Day,4.3,39,12,45,5071.6,0
PNQ-1032,Anjali G,Viman Nagar,89964ed,Night,4.7,40,1,49,7023.89,0
PNQ-1032,Anjali G,Viman Nagar,89964ed,Night,4.7,40,2,54,7389.18,0
PNQ-1032,Anjali G,Viman Nagar,89964ed,Night,4.7,40,3,54,7315.76,0
PNQ-1032,Anjali G,Viman Nagar,89964ed,Night,4.7,40,4,55,5794.86,0
PNQ-1032,Anjali G,Viman Nagar,89964ed,Night,4.7,40,5,64,9323.2,0
PNQ-1032,Anjali G,Viman Nagar,89964ed,Night,4.7,40,6,47,5985.24,0
PNQ-1032,Anjali G,Viman Nagar,89964ed,Night,4.7,40,7,57,5610.01,0
PNQ-1032,Anjali G,Viman Nagar,89964ed,Night,4.7,40,8,64,7971.74,0
PNQ-1032,Anjali G,Viman Nagar,89964ed,Night,4.7,40,9,67,8327.31,0
PNQ-1032,Anjali G,Viman Nagar,89964ed,Night,4.7,40,10,62,8630.08,0
PNQ-1032,Anjali G,Viman Nagar,89964ed,Night,4.7,40,11,54,6077.27,0
PNQ-1032,Anjali G,Viman Nagar,89964ed,Night,4.7,40,12,51,7113.0,0
PNQ-1033,Rohan H,Hinjewadi,89964af,Night,4.8,31,1,55,6526.18,0
PNQ-1033,Rohan H,Hinjewadi,89964af,Night,4.8,31,2,55,5790.58,0
PNQ-1033,Rohan H,Hinjewadi,89964af,Night,4.8,31,3,34,4283.6,0
PNQ-1033,Rohan H,Hinjewadi,89964af,Night,4.8,31,4,52,6283.23,0
PNQ-1033,Rohan H,Hinjewadi,89964af,Night,4.8,31,5,53,5581.25,0
PNQ-1033,Rohan H,Hinjewadi,89964af,Night,4.8,31,6,52,6641.26,0
PNQ-1033,Rohan H,Hinjewadi,89964af,Night,4.8,31,7,45,5682.44,0
PNQ-1033,Rohan H,Hinjewadi,89964af,Night,4.8,31,8,43,5642.18,0
PNQ-1033,Rohan H,Hinjewadi,89964af,Night,4.8,31,9,46,4629.59,0
PNQ-1033,Rohan H,Hinjewadi,89964af,Night,4.8,31,10,55,5922.03,0
PNQ-1033,Rohan H,Hinjewadi,89964af,Night,4.8,31,11,45,4920.62,0
PNQ-1033,Rohan H,Hinjewadi,89964af,Night,4.8,31,12,48,5852.52,0
PNQ-1034,Kavita I,Viman Nagar,89964ed,Night,4.8,31,1,52,7608.23,0
PNQ-1034,Kavita I,Viman Nagar,89964ed,Night,4.8,31,2,53,5492.28,0
PNQ-1034,Kavita I,Viman Nagar,89964ed,Night,4.8,31,3,46,5473.69,0
PNQ-1034,Kavita I,Viman Nagar,89964ed,Night,4.8,31,4,48,5848.13,0
PNQ-1034,Kavita I,Viman Nagar,89964ed,Night,4.8,31,5,61,8000.22,0
PNQ-1034,Kavita I,Viman Nagar,89964ed,Night,4.8,31,6,69,9705.43,0
PNQ-1034,Kavita I,Viman Nagar,89964ed,Night,4.8,31,7,54,7389.94,0
PNQ-1034,Kavita I,Viman Nagar,89964ed,Night,4.8,31,8,59,8069.29,0
PNQ-1034,Kavita I,Viman Nagar,89964ed,Night,4.8,31,9,42,5584.95,0
PNQ-1034,Kavita I,Viman Nagar,89964ed,Night,4.8,31,10,51,5965.37,0
PNQ-1034,Kavita I,Viman Nagar,89964ed,Night,4.8,31,11,43,5981.93,0
PNQ-1034,Kavita I,Viman Nagar,89964ed,Night,4.8,31,12,57,7990.57,0
PNQ-1035,Suresh J,Kothrud,89964d1,Night,4.3,47,1,51,4323.66,0
PNQ-1035,Suresh J,Kothrud,89964d1,Night,4.3,47,2,60,6471.2,0
PNQ-1035,Suresh J,Kothrud,89964d1,Night,4.3,47,3,54,4791.16,0
PNQ-1035,Suresh J,Kothrud,89964d1,Night,4.3,47,4,51,4019.39,0
PNQ-1035,Suresh J,Kothrud,89964d1,Night,4.3,47,5,52,4546.76,0
PNQ-1035,Suresh J,Kothrud,89964d1,Night,4.3,47,6,56,5639.97,0
PNQ-1035,Suresh J,Kothrud,89964d1,Night,4.3,47,7,41,4121.44,0
PNQ-1035,Suresh J,Kothrud,89964d1,Night,4.3,47,8,59,6635.47,0
PNQ-1035,Suresh J,Kothrud,89964d1,Night,4.3,47,9,44,4216.03,0
PNQ-1035,Suresh J,Kothrud,89964d1,Night,4.3,47,10,49,5659.07,0
PNQ-1035,Suresh J,Kothrud,89964d1,Night,4.3,47,11,49,5324.6,0
PNQ-1035,Suresh J,Kothrud,89964d1,Night,4.3,47,12,9,784.49,1
PNQ-1036,Deepak K,Viman Nagar,89964ed,Night,4.9,22,1,66,7593.88,0
PNQ-1036,Deepak K,Viman Nagar,89964ed,Night,4.9,22,2,50,4888.62,0
PNQ-1036,Deepak K,Viman Nagar,89964ed,Night,4.9,22,3,58,7120.65,0
PNQ-1036,Deepak K,Viman Nagar,89964ed,Night,4.9,22,4,47,4742.83,0
PNQ-1036,Deepak K,Viman Nagar,89964ed,Night,4.9,22,5,51,5625.75,0
PNQ-1036,Deepak K,Viman Nagar,89964ed,Night,4.9,22,6,66,6363.78,0
PNQ-1036,Deepak K,Viman Nagar,89964ed,Night,4.9,22,7,65,8046.5,0
PNQ-1036,Deepak K,Viman Nagar,89964ed,Night,4.9,22,8,64,9125.38,0
PNQ-1036,Deepak K,Viman Nagar,89964ed,Night,4.9,22,9,50,5503.88,0
PNQ-1036,Deepak K,Viman Nagar,89964ed,Night,4.9,22,10,49,4719.89,0
PNQ-1036,Deepak K,Viman Nagar,89964ed,Night,4.9,22,11,71,6886.9,0
PNQ-1036,Deepak K,Viman Nagar,89964ed,Night,4.9,22,12,41,4073.28,0
PNQ-1037,Priya L,Viman Nagar,89964ed,Night,4.1,24,1,44,6351.81,0
PNQ-1037,Priya L,Viman Nagar,89964ed,Night,4.1,24,2,73,8463.75,0
PNQ-1037,Priya L,Viman Nagar,89964ed,Night,4.1,24,3,62,7280.48,0
PNQ-1037,Priya L,Viman Nagar,89964ed,Night,4.1,24,4,57,7918.6,0
PNQ-1037,Priya L,Viman Nagar,89964ed,Night,4.1,24,5,47,6351.1,0
PNQ-1037,Priya L,Viman Nagar,89964ed,Night,4.1,24,6,48,6795.8,0
PNQ-1037,Priya L,Viman Nagar,89964ed,Night,4.1,24,7,56,6120.77,0
PNQ-1037,Priya L,Viman Nagar,89964ed,Night,4.1,24,8,60,6913.68,0
PNQ-1037,Priya L,Viman Nagar,89964ed,Night,4.1,24,9,55,5431.61,0
PNQ-1037,Priya L,Viman Nagar,89964ed,Night,4.1,24,10,54,5269.81,0
PNQ-1037,Priya L,Viman Nagar,89964ed,Night,4.1,24,11,42,4122.96,0
PNQ-1037,Priya L,Viman Nagar,89964ed,Night,4.1,24,12,51,5827.36,0
PNQ-1038,Rahul M,Viman Nagar,89964ed,Night,4.7,44,1,52,6443.31,0
PNQ-1038,Rahul M,Viman Nagar,89964ed,Night,4.7,44,2,35,4738.82,0
PNQ-1038,Rahul M,Viman Nagar,89964ed,Night,4.7,44,3,63,7675.17,0
PNQ-1038,Rahul M,Viman Nagar,89964ed,Night,4.7,44,4,44,4832.29,0
PNQ-1038,Rahul M,Viman Nagar,89964ed,Night,4.7,44,5,56,6441.27,0
PNQ-1038,Rahul M,Viman Nagar,89964ed,Night,4.7,44,6,61,8520.82,0
PNQ-1038,Rahul M,Viman Nagar,89964ed,Night,4.7,44,7,57,6573.09,0
PNQ-1038,Rahul M,Viman Nagar,89964ed,Night,4.7,44,8,46,5419.11,0
PNQ-1038,Rahul M,Viman Nagar,89964ed,Night,4.7,44,9,63,7113.08,0
PNQ-1038,Rahul M,Viman Nagar,89964ed,Night,4.7,44,10,52,5446.24,0
PNQ-1038,Rahul M,Viman Nagar,89964ed,Night,4.7,44,11,48,5168.53,0
PNQ-1038,Rahul M,Viman Nagar,89964ed,Night,4.7,44,12,57,7195.13,0
PNQ-1039,Suresh N,Hinjewadi,89964af,Day,4.4,20,1,43,4519.26,0
PNQ-1039,Suresh N,Hinjewadi,89964af,Day,4.4,20,2,64,8837.33,0
PNQ-1039,Suresh N,Hinjewadi,89964af,Day,4.4,20,3,50,5730.1,0
PNQ-1039,Suresh N,Hinjewadi,89964af,Day,4.4,20,4,58,6121.4,0
PNQ-1039,Suresh N,Hinjewadi,89964af,Day,4.4,20,5,57,7852.89,0
PNQ-1039,Suresh N,Hinjewadi,89964af,Day,4.4,20,6,49,5015.9,0
PNQ-1039,Suresh N,Hinjewadi,89964af,Day,4.4,20,7,45,6428.29,0
PNQ-1039,Suresh N,Hinjewadi,89964af,Day,4.4,20,8,64,7042.75,0
PNQ-1039,Suresh N,Hinjewadi,89964af,Day,4.4,20,9,58,6137.5,0
PNQ-1039,Suresh N,Hinjewadi,89964af,Day,4.4,20,10,50,5995.75,0
PNQ-1039,Suresh N,Hinjewadi,89964af,Day,4.4,20,11,59,7234.89,0
PNQ-1039,Suresh N,Hinjewadi,89964af,Day,4.4,20,12,63,7968.16,0
PNQ-1040,Anjali O,Kothrud,89964d1,Day,4.5,32,1,48,5394.07,0
PNQ-1040,Anjali O,Kothrud,89964d1,Day,4.5,32,2,51,4896.08,0
PNQ-1040,Anjali O,Kothrud,89964d1,Day,4.5,32,3,53,5544.21,0
PNQ-1040,Anjali O,Kothrud,89964d1,Day,4.5,32,4,49,4992.03,0
PNQ-1040,Anjali O,Kothrud,89964d1,Day,4.5,32,5,62,6539.55,0
PNQ-1040,Anjali O,Kothrud,89964d1,Day,4.5,32,6,49,4731.06,0
PNQ-1040,Anjali O,Kothrud,89964d1,Day,4.5,32,7,50,5010.41,0
PNQ-1040,Anjali O,Kothrud,89964d1,Day,4.5,32,8,58,5594.63,0
PNQ-1040,Anjali O,Kothrud,89964d1,Day,4.5,32,9,56,4778.59,0
PNQ-1040,Anjali O,Kothrud,89964d1,Day,4.5,32,10,44,3936.5,0
PNQ-1040,Anjali O,Kothrud,89964d1,Day,4.5,32,11,57,6901.17,0
PNQ-1040,Anjali O,Kothrud,89964d1,Day,4.5,32,12,51,4660.36,0
PNQ-1041,Sneha P,Hinjewadi,89964af,Day,4.4,38,1,55,7391.09,0
PNQ-1041,Sneha P,Hinjewadi,89964af,Day,4.4,38,2,46,5336.73,0
PNQ-1041,Sneha P,Hinjewadi,89964af,Day,4.4,38,3,51,7259.5,0
PNQ-1041,Sneha P,Hinjewadi,89964af,Day,4.4,38,4,53,5648.69,0
PNQ-1041,Sneha P,Hinjewadi,89964af,Day,4.4,38,5,57,6963.2,0
PNQ-1041,Sneha P,Hinjewadi,89964af,Day,4.4,38,6,53,5939.56,0
PNQ-1041,Sneha P,Hinjewadi,89964af,Day,4.4,38,7,58,6749.82,0
PNQ-1041,Sneha P,Hinjewadi,89964af,Day,4.4,38,8,57,6293.55,0
PNQ-1041,Sneha P,Hinjewadi,89964af,Day,4.4,38,9,42,5392.27,0
PNQ-1041,Sneha P,Hinjewadi,89964af,Day,4.4,38,10,60,6871.15,0
PNQ-1041,Sneha P,Hinjewadi,89964af,Day,4.4,38,11,49,6619.74,0
PNQ-1041,Sneha P,Hinjewadi,89964af,Day,4.4,38,12,56,5859.58,0
PNQ-1042,Priya Q,Viman Nagar,89964ed,Night,4.7,41,1,73,10076.9,0
PNQ-1042,Priya Q,Viman Nagar,89964ed,Night,4.7,41,2,47,4580.94,0
PNQ-1042,Priya Q,Viman Nagar,89964ed,Night,4.7,41,3,58,5620.92,0
PNQ-1042,Priya Q,Viman Nagar,89964ed,Night,4.7,41,4,46,5922.19,0
PNQ-1042,Priya Q,Viman Nagar,89964ed,Night,4.7,41,5,55,7176.9,0
PNQ-1042,Priya Q,Viman Nagar,89964ed,Night,4.7,41,6,43,5157.93,0
PNQ-1042,Priya Q,Viman Nagar,89964ed,Night,4.7,41,7,47,6318.27,0
PNQ-1042,Priya Q,Viman Nagar,89964ed,Night,4.7,41,8,64,7917.4,0
PNQ-1042,Priya Q,Viman Nagar,89964ed,Night,4.7,41,9,63,6134.63,0
PNQ-1042,Priya Q,Viman Nagar,89964ed,Night,4.7,41,10,64,8251.39,0
PNQ-1042,Priya Q,Viman Nagar,89964ed,Night,4.7,41,11,44,5818.29,0
PNQ-1042,Priya Q,Viman Nagar,89964ed,Night,4.7,41,12,58,7796.16,0
PNQ-1043,Vikram R,Baner,89964bc,Day,4.9,24,1,44,5336.7,0
PNQ-1043,Vikram R,Baner,89964bc,Day,4.9,24,2,59,6524.97,0
PNQ-1043,Vikram R,Baner,89964bc,Day,4.9,24,3,48,6605.24,0
PNQ-1043,Vikram R,Baner,89964bc,Day,4.9,24,4,54,7633.8,0
PNQ-1043,Vikram R,Baner,89964bc,Day,4.9,24,5,60,6471.39,0
PNQ-1043,Vikram R,Baner,89964bc,Day,4.9,24,6,66,7435.17,0
PNQ-1043,Vikram R,Baner,89964bc,Day,4.9,24,7,56,7124.91,0
PNQ-1043,Vikram R,Baner,89964bc,Day,4.9,24,8,68,8937.91,0
PNQ-1043,Vikram R,Baner,89964bc,Day,4.9,24,9,51,7293.19,0
PNQ-1043,Vikram R,Baner,89964bc,Day,4.9,24,10,45,5729.28,0
PNQ-1043,Vikram R,Baner,89964bc,Day,4.9,24,11,62,7182.01,0
PNQ-1043,Vikram R,Baner,89964bc,Day,4.9,24,12,62,7488.04,0
PNQ-1044,Kavita S,Hadapsar,89964fe,Day,4.8,26,1,54,7432.91,0
PNQ-1044,Kavita S,Hadapsar,89964fe,Day,4.8,26,2,59,7109.86,0
PNQ-1044,Kavita S,Hadapsar,89964fe,Day,4.8,26,3,59,6675.37,0
PNQ-1044,Kavita S,Hadapsar,89964fe,Day,4.8,26,4,57,5802.54,0
PNQ-1044,Kavita S,Hadapsar,89964fe,Day,4.8,26,5,56,5426.01,0
PNQ-1044,Kavita S,Hadapsar,89964fe,Day,4.8,26,6,63,8990.94,0
PNQ-1044,Kavita S,Hadapsar,89964fe,Day,4.8,26,7,47,5409.87,0
PNQ-1044,Kavita S,Hadapsar,89964fe,Day,4.8,26,8,44,5488.47,0
PNQ-1044,Kavita S,Hadapsar,89964fe,Day,4.8,26,9,49,6581.34,0
PNQ-1044,Kavita S,Hadapsar,89964fe,Day,4.8,26,10,44,5699.11,0
PNQ-1044,Kavita S,Hadapsar,89964fe,Day,4.8,26,11,40,4601.65,0
PNQ-1044,Kavita S,Hadapsar,89964fe,Day,4.8,26,12,46,4956.37,0
PNQ-1045,Kavita T,Hadapsar,89964fe,Day,4.5,38,1,45,5986.47,0
PNQ-1045,Kavita T,Hadapsar,89964fe,Day,4.5,38,2,43,5889.39,0
PNQ-1045,Kavita T,Hadapsar,89964fe,Day,4.5,38,3,39,4698.88,0
PNQ-1045,Kavita T,Hadapsar,89964fe,Day,4.5,38,4,54,7863.47,0
PNQ-1045,Kavita T,Hadapsar,89964fe,Day,4.5,38,5,60,7584.48,0
PNQ-1045,Kavita T,Hadapsar,89964fe,Day,4.5,38,6,46,4958.02,0
PNQ-1045,Kavita T,Hadapsar,89964fe,Day,4.5,38,7,56,6820.06,0
PNQ-1045,Kavita T,Hadapsar,89964fe,Day,4.5,38,8,62,8835.44,0
PNQ-1045,Kavita T,Hadapsar,89964fe,Day,4.5,38,9,58,6165.18,0
PNQ-1045,Kavita T,Hadapsar,89964fe,Day,4.5,38,10,48,6422.86,0
PNQ-1045,Kavita T,Hadapsar,89964fe,Day,4.5,38,11,51,5587.92,0
PNQ-1045,Kavita T,Hadapsar,89964fe,Day,4.5,38,12,56,5967.58,0
PNQ-1046,Suresh U,Hinjewadi,89964af,Night,4.0,21,1,58,6654.68,0
PNQ-1046,Suresh U,Hinjewadi,89964af,Night,4.0,21,2,58,8224.96,0
PNQ-1046,Suresh U,Hinjewadi,89964af,Night,4.0,21,3,61,8519.3,0
PNQ-1046,Suresh U,Hinjewadi,89964af,Night,4.0,21,4,35,4680.6,0
PNQ-1046,Suresh U,Hinjewadi,89964af,Night,4.0,21,5,62,7116.63,0
PNQ-1046,Suresh U,Hinjewadi,89964af,Night,4.0,21,6,58,7713.98,0
PNQ-1046,Suresh U,Hinjewadi,89964af,Night,4.0,21,7,59,7722.66,0
PNQ-1046,Suresh U,Hinjewadi,89964af,Night,4.0,21,8,52,5027.26,0
PNQ-1046,Suresh U,Hinjewadi,89964af,Night,4.0,21,9,50,6591.98,0
PNQ-1046,Suresh U,Hinjewadi,89964af,Night,4.0,21,10,54,7801.41,0
PNQ-1046,Suresh U,Hinjewadi,89964af,Night,4.0,21,11,64,7306.46,0
PNQ-1046,Suresh U,Hinjewadi,89964af,Night,4.0,21,12,60,7230.99,0
PNQ-1047,Rohan V,Kothrud,89964d1,Night,4.8,21,1,45,4588.35,0
PNQ-1047,Rohan V,Kothrud,89964d1,Night,4.8,21,2,48,5049.06,0
PNQ-1047,Rohan V,Kothrud,89964d1,Night,4.8,21,3,52,5363.7,0
PNQ-1047,Rohan V,Kothrud,89964d1,Night,4.8,21,4,38,3322.59,0
PNQ-1047,Rohan V,Kothrud,89964d1,Night,4.8,21,5,64,5726.61,0
PNQ-1047,Rohan V,Kothrud,89964d1,Night,4.8,21,6,19,1861.74,1
PNQ-1047,Rohan V,Kothrud,89964d1,Night,4.8,21,7,25,2063.17,1
PNQ-1047,Rohan V,Kothrud,89964d1,Night,4.8,21,8,43,3371.51,0
PNQ-1047,Rohan V,Kothrud,89964d1,Night,4.8,21,9,19,2148.66,1
PNQ-1047,Rohan V,Kothrud,89964d1,Night,4.8,21,10,55,4489.22,0
PNQ-1047,Rohan V,Kothrud,89964d1,Night,4.8,21,11,17,1563.76,1
PNQ-1047,Rohan V,Kothrud,89964d1,Night,4.8,21,12,51,4076.93,0
PNQ-1048,Rohan W,Hinjewadi,89964af,Night,4.7,45,1,56,5608.55,0
PNQ-1048,Rohan W,Hinjewadi,89964af,Night,4.7,45,2,48,5876.61,0
PNQ-1048,Rohan W,Hinjewadi,89964af,Night,4.7,45,3,48,4633.99,0
PNQ-1048,Rohan W,Hinjewadi,89964af,Night,4.7,45,4,47,5243.22,0
PNQ-1048,Rohan W,Hinjewadi,89964af,Night,4.7,45,5,55,6794.21,0
PNQ-1048,Rohan W,Hinjewadi,89964af,Night,4.7,45,6,50,5677.43,0
PNQ-1048,Rohan W,Hinjewadi,89964af,Night,4.7,45,7,60,7388.85,0
PNQ-1048,Rohan W,Hinjewadi,89964af,Night,4.7,45,8,52,6574.38,0
PNQ-1048,Rohan W,Hinjewadi,89964af,Night,4.7,45,9,60,5823.56,0
PNQ-1048,Rohan W,Hinjewadi,89964af,Night,4.7,45,10,67,6738.36,0
PNQ-1048,Rohan W,Hinjewadi,89964af,Night,4.7,45,11,51,5624.9,0
PNQ-1048,Rohan W,Hinjewadi,89964af,Night,4.7,45,12,45,6144.23,0
PNQ-1049,Anjali X,Baner,89964bc,Night,4.7,47,1,50,5513.96,0
PNQ-1049,Anjali X,Baner,89964bc,Night,4.7,47,2,58,6920.59,0
PNQ-1049,Anjali X,Baner,89964bc,Night,4.7,47,3,67,8557.84,0
PNQ-1049,Anjali X,Baner,89964bc,Night,4.7,47,4,64,7118.5,0
PNQ-1049,Anjali X,Baner,89964bc,Night,4.7,47,5,55,7290.79,0
PNQ-1049,Anjali X,Baner,89964bc,Night,4.7,47,6,35,5132.62,0
PNQ-1049,Anjali X,Baner,89964bc,Night,4.7,47,7,60,6359.09,0
PNQ-1049,Anjali X,Baner,89964bc,Night,4.7,47,8,49,5768.13,0
PNQ-1049,Anjali X,Baner,89964bc,Night,4.7,47,9,61,6713.9,0
PNQ-1049,Anjali X,Baner,89964bc,Night,4.7,47,10,43,4721.79,0
PNQ-1049,Anjali X,Baner,89964bc,Night,4.7,47,11,53,6660.87,0
PNQ-1049,Anjali X,Baner,89964bc,Night,4.7,47,12,43,5469.0,0
PNQ-1050,Amit Y,Kothrud,89964d1,Day,4.5,35,1,56,4733.96,0
PNQ-1050,Amit Y,Kothrud,89964d1,Day,4.5,35,2,49,4935.43,0
PNQ-1050,Amit Y,Kothrud,89964d1,Day,4.5,35,3,42,3462.46,0
PNQ-1050,Amit Y,Kothrud,89964d1,Day,4.5,35,4,67,7624.66,0
PNQ-1050,Amit Y,Kothrud,89964d1,Day,4.5,35,5,53,4316.58,0
PNQ-1050,Amit Y,Kothrud,89964d1,Day,4.5,35,6,51,4130.74,0
PNQ-1050,Amit Y,Kothrud,89964d1,Day,4.5,35,7,48,5251.98,0
PNQ-1050,Amit Y,Kothrud,89964d1,Day,4.5,35,8,62,6276.57,0
PNQ-1050,Amit Y,Kothrud,89964d1,Day,4.5,35,9,62,5318.36,0
PNQ-1050,Amit Y,Kothrud,89964d1,Day,4.5,35,10,51,4969.85,0
PNQ-1050,Amit Y,Kothrud,89964d1,Day,4.5,35,11,44,3324.04,0
PNQ-1050,Amit Y,Kothrud,89964d1,Day,4.5,35,12,61,6691.89,0
PNQ-1051,Kavita Z,Baner,89964bc,Night,4.4,32,1,51,6858.6,0
PNQ-1051,Kavita Z,Baner,89964bc,Night,4.4,32,2,37,4310.18,0
PNQ-1051,Kavita Z,Baner,89964bc,Night,4.4,32,3,55,7059.75,0
PNQ-1051,Kavita Z,Baner,89964bc,Night,4.4,32,4,47,6578.24,0
PNQ-1051,Kavita Z,Baner,89964bc,Night,4.4,32,5,55,6367.98,0
PNQ-1051,Kavita Z,Baner,89964bc,Night,4.4,32,6,53,7098.63,0
PNQ-1051,Kavita Z,Baner,89964bc,Night,4.4,32,7,52,6087.87,0
PNQ-1051,Kavita Z,Baner,89964bc,Night,4.4,32,8,62,8468.44,0
PNQ-1051,Kavita Z,Baner,89964bc,Night,4.4,32,9,58,8113.38,0
PNQ-1051,Kavita Z,Baner,89964bc,Night,4.4,32,10,48,5249.31,0
PNQ-1051,Kavita Z,Baner,89964bc,Night,4.4,32,11,52,7102.63,0
PNQ-1051,Kavita Z,Baner,89964bc,Night,4.4,32,12,54,6335.6,0
PNQ-1052,Sneha A,Viman Nagar,89964ed,Night,4.4,21,1,55,6413.77,0
PNQ-1052,Sneha A,Viman Nagar,89964ed,Night,4.4,21,2,54,6763.71,0
PNQ-1052,Sneha A,Viman Nagar,89964ed,Night,4.4,21,3,44,4650.56,0
PNQ-1052,Sneha A,Viman Nagar,89964ed,Night,4.4,21,4,54,6053.39,0
PNQ-1052,Sneha A,Viman Nagar,89964ed,Night,4.4,21,5,54,5407.76,0
PNQ-1052,Sneha A,Viman Nagar,89964ed,Night,4.4,21,6,50,6676.05,0
PNQ-1052,Sneha A,Viman Nagar,89964ed,Night,4.4,21,7,48,6527.37,0
PNQ-1052,Sneha A,Viman Nagar,89964ed,Night,4.4,21,8,50,6260.84,0
PNQ-1052,Sneha A,Viman Nagar,89964ed,Night,4.4,21,9,53,6205.31,0
PNQ-1052,Sneha A,Viman Nagar,89964ed,Night,4.4,21,10,48,6911.14,0
PNQ-1052,Sneha A,Viman Nagar,89964ed,Night,4.4,21,11,58,7101.61,0
PNQ-1052,Sneha A,Viman Nagar,89964ed,Night,4.4,21,12,57,7015.72,0
PNQ-1053,Deepak B,Kothrud,89964d1,Day,4.8,28,1,62,7095.91,0
PNQ-1053,Deepak B,Kothrud,89964d1,Day,4.8,28,2,55,6241.6,0
PNQ-1053,Deepak B,Kothrud,89964d1,Day,4.8,28,3,52,5249.0,0
PNQ-1053,Deepak B,Kothrud,89964d1,Day,4.8,28,4,54,5582.85,0
PNQ-1053,Deepak B,Kothrud,89964d1,Day,4.8,28,5,50,5274.14,0
PNQ-1053,Deepak B,Kothrud,89964d1,Day,4.8,28,6,52,5138.53,0
PNQ-1053,Deepak B,Kothrud,89964d1,Day,4.8,28,7,47,4934.99,0
PNQ-1053,Deepak B,Kothrud,89964d1,Day,4.8,28,8,49,4171.71,0
PNQ-1053,Deepak B,Kothrud,89964d1,Day,4.8,28,9,41,4233.69,0
PNQ-1053,Deepak B,Kothrud,89964d1,Day,4.8,28,10,59,6258.43,0
PNQ-1053,Deepak B,Kothrud,89964d1,Day,4.8,28,11,56,5626.21,0
PNQ-1053,Deepak B,Kothrud,89964d1,Day,4.8,28,12,53,4968.39,0
PNQ-1054,Rohan C,Hadapsar,89964fe,Day,4.0,28,1,54,5311.19,0
PNQ-1054,Rohan C,Hadapsar,89964fe,Day,4.0,28,2,39,4632.43,0
PNQ-1054,Rohan C,Hadapsar,89964fe,Day,4.0,28,3,40,4497.96,0
PNQ-1054,Rohan C,Hadapsar,89964fe,Day,4.0,28,4,51,5168.55,0
PNQ-1054,Rohan C,Hadapsar,89964fe,Day,4.0,28,5,54,7081.36,0
PNQ-1054,Rohan C,Hadapsar,89964fe,Day,4.0,28,6,47,6401.53,0
PNQ-1054,Rohan C,Hadapsar,89964fe,Day,4.0,28,7,46,5918.34,0
PNQ-1054,Rohan C,Hadapsar,89964fe,Day,4.0,28,8,55,6486.57,0
PNQ-1054,Rohan C,Hadapsar,89964fe,Day,4.0,28,9,58,6197.88,0
PNQ-1054,Rohan C,Hadapsar,89964fe,Day,4.0,28,10,47,6542.85,0
PNQ-1054,Rohan C,Hadapsar,89964fe,Day,4.0,28,11,46,6220.47,0
PNQ-1054,Rohan C,Hadapsar,89964fe,Day,4.0,28,12,39,4836.01,0
PNQ-1055,Priya D,Hadapsar,89964fe,Day,4.2,22,1,65,9075.12,0
PNQ-1055,Priya D,Hadapsar,89964fe,Day,4.2,22,2,57,5676.96,0
PNQ-1055,Priya D,Hadapsar,89964fe,Day,4.2,22,3,49,6535.92,0
PNQ-1055,Priya D,Hadapsar,89964fe,Day,4.2,22,4,52,6264.13,0
PNQ-1055,Priya D,Hadapsar,89964fe,Day,4.2,22,5,51,6148.0,0
PNQ-1055,Priya D,Hadapsar,89964fe,Day,4.2,22,6,69,8267.96,0
PNQ-1055,Priya D,Hadapsar,89964fe,Day,4.2,22,7,62,7301.88,0
PNQ-1055,Priya D,Hadapsar,89964fe,Day,4.2,22,8,56,5730.67,0
PNQ-1055,Priya D,Hadapsar,89964fe,Day,4.2,22,9,35,3668.86,0
PNQ-1055,Priya D,Hadapsar,89964fe,Day,4.2,22,10,50,6806.54,0
PNQ-1055,Priya D,Hadapsar,89964fe,Day,4.2,22,11,51,7092.44,0
PNQ-1055,Priya D,Hadapsar,89964fe,Day,4.2,22,12,55,8009.75,0
PNQ-1056,Kavita E,Viman Nagar,89964ed,Night,4.7,34,1,52,6844.5,0
PNQ-1056,Kavita E,Viman Nagar,89964ed,Night,4.7,34,2,49,6310.92,0
PNQ-1056,Kavita E,Viman Nagar,89964ed,Night,4.7,34,3,50,6383.18,0
PNQ-1056,Kavita E,Viman Nagar,89964ed,Night,4.7,34,4,58,7085.73,0
PNQ-1056,Kavita E,Viman Nagar,89964ed,Night,4.7,34,5,53,6284.0,0
PNQ-1056,Kavita E,Viman Nagar,89964ed,Night,4.7,34,6,50,5871.37,0
PNQ-1056,Kavita E,Viman Nagar,89964ed,Night,4.7,34,7,43,5192.1,0
PNQ-1056,Kavita E,Viman Nagar,89964ed,Night,4.7,34,8,65,6471.02,0
PNQ-1056,Kavita E,Viman Nagar,89964ed,Night,4.7,34,9,45,5600.03,0
PNQ-1056,Kavita E,Viman Nagar,89964ed,Night,4.7,34,10,59,6487.68,0
PNQ-1056,Kavita E,Viman Nagar,89964ed,Night,4.7,34,11,58,6356.07,0
PNQ-1056,Kavita E,Viman Nagar,89964ed,Night,4.7,34,12,58,6460.69,0
PNQ-1057,Suresh F,Hinjewadi,89964af,Day,4.5,19,1,54,7026.43,0
PNQ-1057,Suresh F,Hinjewadi,89964af,Day,4.5,19,2,49,6970.43,0
PNQ-1057,Suresh F,Hinjewadi,89964af,Day,4.5,19,3,55,6316.66,0
PNQ-1057,Suresh F,Hinjewadi,89964af,Day,4.5,19,4,45,6374.59,0
PNQ-1057,Suresh F,Hinjewadi,89964af,Day,4.5,19,5,52,6572.8,0
PNQ-1057,Suresh F,Hinjewadi,89964af,Day,4.5,19,6,45,5763.71,0
PNQ-1057,Suresh F,Hinjewadi,89964af,Day,4.5,19,7,68,6980.86,0
PNQ-1057,Suresh F,Hinjewadi,89964af,Day,4.5,19,8,57,5514.11,0
PNQ-1057,Suresh F,Hinjewadi,89964af,Day,4.5,19,9,66,8551.99,0
PNQ-1057,Suresh F,Hinjewadi,89964af,Day,4.5,19,10,57,7042.69,0
PNQ-1057,Suresh F,Hinjewadi,89964af,Day,4.5,19,11,43,5027.03,0
PNQ-1057,Suresh F,Hinjewadi,89964af,Day,4.5,19,12,56,7094.23,0
PNQ-1058,Amit G,Hadapsar,89964fe,Day,4.0,26,1,57,5644.07,0
PNQ-1058,Amit G,Hadapsar,89964fe,Day,4.0,26,2,57,7857.95,0
PNQ-1058,Amit G,Hadapsar,89964fe,Day,4.0,26,3,44,4927.16,0
PNQ-1058,Amit G,Hadapsar,89964fe,Day,4.0,26,4,54,7885.45,0
PNQ-1058,Amit G,Hadapsar,89964fe,Day,4.0,26,5,43,4897.34,0
PNQ-1058,Amit G,Hadapsar,89964fe,Day,4.0,26,6,54,5202.61,0
PNQ-1058,Amit G,Hadapsar,89964fe,Day,4.0,26,7,63,7948.63,0
PNQ-1058,Amit G,Hadapsar,89964fe,Day,4.0,26,8,49,7023.9,0
PNQ-1058,Amit G,Hadapsar,89964fe,Day,4.0,26,9,56,7199.42,0
PNQ-1058,Amit G,Hadapsar,89964fe,Day,4.0,26,10,54,7550.08,0
PNQ-1058,Amit G,Hadapsar,89964fe,Day,4.0,26,11,61,7873.11,0
PNQ-1058,Amit G,Hadapsar,89964fe,Day,4.0,26,12,53,5683.23,0
PNQ-1059,Rahul H,Kothrud,89964d1,Night,4.4,40,1,19,1912.66,1
PNQ-1059,Rahul H,Kothrud,89964d1,Night,4.4,40,2,71,7487.37,0
PNQ-1059,Rahul H,Kothrud,89964d1,Night,4.4,40,3,15,1630.67,1
PNQ-1059,Rahul H,Kothrud,89964d1,Night,4.4,40,4,15,1535.2,1
PNQ-1059,Rahul H,Kothrud,89964d1,Night,4.4,40,5,61,5392.98,0
PNQ-1059,Rahul H,Kothrud,89964d1,Night,4.4,40,6,14,1509.18,1
PNQ-1059,Rahul H,Kothrud,89964d1,Night,4.4,40,7,55,5940.55,0
PNQ-1059,Rahul H,Kothrud,89964d1,Night,4.4,40,8,11,1040.54,1
PNQ-1059,Rahul H,Kothrud,89964d1,Night,4.4,40,9,49,3835.36,0
PNQ-1059,Rahul H,Kothrud,89964d1,Night,4.4,40,10,22,2150.74,1
PNQ-1059,Rahul H,Kothrud,89964d1,Night,4.4,40,11,49,3715.67,0
PNQ-1059,Rahul H,Kothrud,89964d1,Night,4.4,40,12,50,5698.52,0
PNQ-1060,Anjali I,Kothrud,89964d1,Day,4.5,31,1,54,4388.07,0
PNQ-1060,Anjali I,Kothrud,89964d1,Day,4.5,31,2,57,4447.56,0
PNQ-1060,Anjali I,Kothrud,89964d1,Day,4.5,31,3,57,5727.64,0
PNQ-1060,Anjali I,Kothrud,89964d1,Day,4.5,31,4,52,6015.23,0
PNQ-1060,Anjali I,Kothrud,89964d1,Day,4.5,31,5,51,4769.36,0
PNQ-1060,Anjali I,Kothrud,89964d1,Day,4.5,31,6,55,5804.11,0
PNQ-1060,Anjali I,Kothrud,89964d1,Day,4.5,31,7,59,5155.01,0
PNQ-1060,Anjali I,Kothrud,89964d1,Day,4.5,31,8,41,3994.4,0
PNQ-1060,Anjali I,Kothrud,89964d1,Day,4.5,31,9,47,5521.49,0
PNQ-1060,Anjali I,Kothrud,89964d1,Day,4.5,31,10,47,5409.16,0
PNQ-1060,Anjali I,Kothrud,89964d1,Day,4.5,31,11,52,4130.58,0
PNQ-1060,Anjali I,Kothrud,89964d1,Day,4.5,31,12,53,5166.07,0
PNQ-1061,Amit J,Hadapsar,89964fe,Day,4.2,43,1,54,5344.93,0
PNQ-1061,Amit J,Hadapsar,89964fe,Day,4.2,43,2,58,6288.66,0
PNQ-1061,Amit J,Hadapsar,89964fe,Day,4.2,43,3,55,6934.36,0
PNQ-1061,Amit J,Hadapsar,89964fe,Day,4.2,43,4,52,7017.14,0
PNQ-1061,Amit J,Hadapsar,89964fe,Day,4.2,43,5,47,6543.32,0
PNQ-1061,Amit J,Hadapsar,89964fe,Day,4.2,43,6,55,5289.16,0
PNQ-1061,Amit J,Hadapsar,89964fe,Day,4.2,43,7,57,7700.78,0
PNQ-1061,Amit J,Hadapsar,89964fe,Day,4.2,43,8,48,6562.89,0
PNQ-1061,Amit J,Hadapsar,89964fe,Day,4.2,43,9,50,5019.94,0
PNQ-1061,Amit J,Hadapsar,89964fe,Day,4.2,43,10,47,5626.39,0
PNQ-1061,Amit J,Hadapsar,89964fe,Day,4.2,43,11,58,6153.31,0
PNQ-1061,Amit J,Hadapsar,89964fe,Day,4.2,43,12,55,5571.6,0
PNQ-1062,Sneha K,Hinjewadi,89964af,Day,4.7,16,1,49,6678.08,0
PNQ-1062,Sneha K,Hinjewadi,89964af,Day,4.7,16,2,54,5891.16,0
PNQ-1062,Sneha K,Hinjewadi,89964af,Day,4.7,16,3,63,7256.87,0
PNQ-1062,Sneha K,Hinjewadi,89964af,Day,4.7,16,4,52,6328.88,0
PNQ-1062,Sneha K,Hinjewadi,89964af,Day,4.7,16,5,51,6640.65,0
PNQ-1062,Sneha K,Hinjewadi,89964af,Day,4.7,16,6,49,5495.36,0
PNQ-1062,Sneha K,Hinjewadi,89964af,Day,4.7,16,7,54,7127.49,0
PNQ-1062,Sneha K,Hinjewadi,89964af,Day,4.7,16,8,62,6023.92,0
PNQ-1062,Sneha K,Hinjewadi,89964af,Day,4.7,16,9,62,7920.8,0
PNQ-1062,Sneha K,Hinjewadi,89964af,Day,4.7,16,10,41,4365.02,0
PNQ-1062,Sneha K,Hinjewadi,89964af,Day,4.7,16,11,60,7671.54,0
PNQ-1062,Sneha K,Hinjewadi,89964af,Day,4.7,16,12,55,7542.51,0
PNQ-1063,Rahul L,Viman Nagar,89964ed,Day,4.9,14,1,48,5016.07,0
PNQ-1063,Rahul L,Viman Nagar,89964ed,Day,4.9,14,2,61,8007.7,0
PNQ-1063,Rahul L,Viman Nagar,89964ed,Day,4.9,14,3,62,5946.18,0
PNQ-1063,Rahul L,Viman Nagar,89964ed,Day,4.9,14,4,62,7335.71,0
PNQ-1063,Rahul L,Viman Nagar,89964ed,Day,4.9,14,5,50,6417.39,0
PNQ-1063,Rahul L,Viman Nagar,89964ed,Day,4.9,14,6,41,6018.85,0
PNQ-1063,Rahul L,Viman Nagar,89964ed,Day,4.9,14,7,52,5304.08,0
PNQ-1063,Rahul L,Viman Nagar,89964ed,Day,4.9,14,8,55,7537.2,0
PNQ-1063,Rahul L,Viman Nagar,89964ed,Day,4.9,14,9,55,5615.34,0
PNQ-1063,Rahul L,Viman Nagar,89964ed,Day,4.9,14,10,44,4827.85,0
PNQ-1063,Rahul L,Viman Nagar,89964ed,Day,4.9,14,11,54,7507.69,0
PNQ-1063,Rahul L,Viman Nagar,89964ed,Day,4.9,14,12,64,9057.4,0
PNQ-1064,Anjali M,Viman Nagar,89964ed,Night,4.6,31,1,59,7278.39,0
PNQ-1064,Anjali M,Viman Nagar,89964ed,Night,4.6,31,2,54,7303.81,0
PNQ-1064,Anjali M,Viman Nagar,89964ed,Night,4.6,31,3,53,5554.13,0
PNQ-1064,Anjali M,Viman Nagar,89964ed,Night,4.6,31,4,68,9664.3,0
PNQ-1064,Anjali M,Viman Nagar,89964ed,Night,4.6,31,5,79,8766.91,0
PNQ-1064,Anjali M,Viman Nagar,89964ed,Night,4.6,31,6,60,7060.58,0
PNQ-1064,Anjali M,Viman Nagar,89964ed,Night,4.6,31,7,70,8850.44,0
PNQ-1064,Anjali M,Viman Nagar,89964ed,Night,4.6,31,8,56,5399.93,0
PNQ-1064,Anjali M,Viman Nagar,89964ed,Night,4.6,31,9,64,9154.87,0
PNQ-1064,Anjali M,Viman Nagar,89964ed,Night,4.6,31,10,50,6679.3,0
PNQ-1064,Anjali M,Viman Nagar,89964ed,Night,4.6,31,11,52,5942.52,0
PNQ-1064,Anjali M,Viman Nagar,89964ed,Night,4.6,31,12,52,7025.69,0
PNQ-1065,Vikram N,Baner,89964bc,Day,4.0,17,1,47,6908.3,0
PNQ-1065,Vikram N,Baner,89964bc,Day,4.0,17,2,56,5763.72,0
PNQ-1065,Vikram N,Baner,89964bc,Day,4.0,17,3,62,7202.15,0
PNQ-1065,Vikram N,Baner,89964bc,Day,4.0,17,4,55,5596.82,0
PNQ-1065,Vikram N,Baner,89964bc,Day,4.0,17,5,53,6688.11,0
PNQ-1065,Vikram N,Baner,89964bc,Day,4.0,17,6,58,6396.58,0
PNQ-1065,Vikram N,Baner,89964bc,Day,4.0,17,7,40,5063.6,0
PNQ-1065,Vikram N,Baner,89964bc,Day,4.0,17,8,67,9450.65,0
PNQ-1065,Vikram N,Baner,89964bc,Day,4.0,17,9,47,5970.3,0
PNQ-1065,Vikram N,Baner,89964bc,Day,4.0,17,10,43,6124.66,0
PNQ-1065,Vikram N,Baner,89964bc,Day,4.0,17,11,64,7758.7,0
PNQ-1065,Vikram N,Baner,89964bc,Day,4.0,17,12,56,5953.05,0
PNQ-1066,Amit O,Baner,89964bc,Night,4.7,21,1,52,6669.65,0
PNQ-1066,Amit O,Baner,89964bc,Night,4.7,21,2,43,5784.1,0
PNQ-1066,Amit O,Baner,89964bc,Night,4.7,21,3,66,8287.66,0
PNQ-1066,Amit O,Baner,89964bc,Night,4.7,21,4,42,4457.61,0
PNQ-1066,Amit O,Baner,89964bc,Night,4.7,21,5,55,6328.45,0
PNQ-1066,Amit O,Baner,89964bc,Night,4.7,21,6,59,7074.09,0
PNQ-1066,Amit O,Baner,89964bc,Night,4.7,21,7,59,6859.03,0
PNQ-1066,Amit O,Baner,89964bc,Night,4.7,21,8,52,6555.2,0
PNQ-1066,Amit O,Baner,89964bc,Night,4.7,21,9,56,6828.54,0
PNQ-1066,Amit O,Baner,89964bc,Night,4.7,21,10,50,6894.09,0
PNQ-1066,Amit O,Baner,89964bc,Night,4.7,21,11,54,5716.52,0
PNQ-1066,Amit O,Baner,89964bc,Night,4.7,21,12,55,7259.51,0
PNQ-1067,Priya P,Hadapsar,89964fe,Night,4.5,6,1,57,5712.96,0
PNQ-1067,Priya P,Hadapsar,89964fe,Night,4.5,6,2,57,6196.33,0
PNQ-1067,Priya P,Hadapsar,89964fe,Night,4.5,6,3,70,10185.7,0
PNQ-1067,Priya P,Hadapsar,89964fe,Night,4.5,6,4,47,5148.72,0
PNQ-1067,Priya P,Hadapsar,89964fe,Night,4.5,6,5,53,5999.46,0
PNQ-1067,Priya P,Hadapsar,89964fe,Night,4.5,6,6,50,5162.05,0
PNQ-1067,Priya P,Hadapsar,89964fe,Night,4.5,6,7,53,6096.07,0
PNQ-1067,Priya P,Hadapsar,89964fe,Night,4.5,6,8,54,6922.6,0
PNQ-1067,Priya P,Hadapsar,89964fe,Night,4.5,6,9,44,6195.58,0
PNQ-1067,Priya P,Hadapsar,89964fe,Night,4.5,6,10,47,5495.44,0
PNQ-1067,Priya P,Hadapsar,89964fe,Night,4.5,6,11,44,5381.09,0
PNQ-1067,Priya P,Hadapsar,89964fe,Night,4.5,6,12,63,8207.62,0
PNQ-1068,Suresh Q,Baner,89964bc,Day,4.7,33,1,55,5321.19,0
PNQ-1068,Suresh Q,Baner,89964bc,Day,4.7,33,2,55,7066.99,0
PNQ-1068,Suresh Q,Baner,89964bc,Day,4.7,33,3,57,6720.97,0
PNQ-1068,Suresh Q,Baner,89964bc,Day,4.7,33,4,50,7098.04,0
PNQ-1068,Suresh Q,Baner,89964bc,Day,4.7,33,5,41,4167.04,0
PNQ-1068,Suresh Q,Baner,89964bc,Day,4.7,33,6,58,5924.0,0
PNQ-1068,Suresh Q,Baner,89964bc,Day,4.7,33,7,58,7066.95,0
PNQ-1068,Suresh Q,Baner,89964bc,Day,4.7,33,8,65,9431.95,0
PNQ-1068,Suresh Q,Baner,89964bc,Day,4.7,33,9,62,7738.71,0
PNQ-1068,Suresh Q,Baner,89964bc,Day,4.7,33,10,47,6564.48,0
PNQ-1068,Suresh Q,Baner,89964bc,Day,4.7,33,11,52,5528.35,0
PNQ-1068,Suresh Q,Baner,89964bc,Day,4.7,33,12,62,7936.88,0
PNQ-1069,Deepak R,Viman Nagar,89964ed,Day,4.3,26,1,51,4896.52,0
PNQ-1069,Deepak R,Viman Nagar,89964ed,Day,4.3,26,2,63,8898.53,0
PNQ-1069,Deepak R,Viman Nagar,89964ed,Day,4.3,26,3,54,7359.4,0
PNQ-1069,Deepak R,Viman Nagar,89964ed,Day,4.3,26,4,46,5295.42,0
PNQ-1069,Deepak R,Viman Nagar,89964ed,Day,4.3,26,5,46,6677.35,0
PNQ-1069,Deepak R,Viman Nagar,89964ed,Day,4.3,26,6,62,7657.04,0
PNQ-1069,Deepak R,Viman Nagar,89964ed,Day,4.3,26,7,36,4307.49,0
PNQ-1069,Deepak R,Viman Nagar,89964ed,Day,4.3,26,8,57,5907.89,0
PNQ-1069,Deepak R,Viman Nagar,89964ed,Day,4.3,26,9,58,6294.67,0
PNQ-1069,Deepak R,Viman Nagar,89964ed,Day,4.3,26,10,53,7306.65,0
PNQ-1069,Deepak R,Viman Nagar,89964ed,Day,4.3,26,11,36,4840.4,0
PNQ-1069,Deepak R,Viman Nagar,89964ed,Day,4.3,26,12,55,7411.05,0
PNQ-1070,Sneha S,Viman Nagar,89964ed,Day,4.3,29,1,54,5366.05,0
PNQ-1070,Sneha S,Viman Nagar,89964ed,Day,4.3,29,2,53,6693.13,0
PNQ-1070,Sneha S,Viman Nagar,89964ed,Day,4.3,29,3,62,7674.78,0
PNQ-1070,Sneha S,Viman Nagar,89964ed,Day,4.3,29,4,44,5861.85,0
PNQ-1070,Sneha S,Viman Nagar,89964ed,Day,4.3,29,5,50,6283.7,0
PNQ-1070,Sneha S,Viman Nagar,89964ed,Day,4.3,29,6,47,4577.84,0
PNQ-1070,Sneha S,Viman Nagar,89964ed,Day,4.3,29,7,53,7163.54,0
PNQ-1070,Sneha S,Viman Nagar,89964ed,Day,4.3,29,8,55,6928.57,0
PNQ-1070,Sneha S,Viman Nagar,89964ed,Day,4.3,29,9,64,6195.35,0
PNQ-1070,Sneha S,Viman Nagar,89964ed,Day,4.3,29,10,51,6875.83,0
PNQ-1070,Sneha S,Viman Nagar,89964ed,Day,4.3,29,11,49,6937.58,0
PNQ-1070,Sneha S,Viman Nagar,89964ed,Day,4.3,29,12,45,5558.13,0
PNQ-1071,Deepak T,Viman Nagar,89964ed,Day,4.5,2,1,61,5971.11,0
PNQ-1071,Deepak T,Viman Nagar,89964ed,Day,4.5,2,2,66,6612.77,0
PNQ-1071,Deepak T,Viman Nagar,89964ed,Day,4.5,2,3,60,6731.0,0
PNQ-1071,Deepak T,Viman Nagar,89964ed,Day,4.5,2,4,63,6094.38,0
PNQ-1071,Deepak T,Viman Nagar,89964ed,Day,4.5,2,5,40,5089.01,0
PNQ-1071,Deepak T,Viman Nagar,89964ed,Day,4.5,2,6,63,7353.98,0
PNQ-1071,Deepak T,Viman Nagar,89964ed,Day,4.5,2,7,53,5181.91,0
PNQ-1071,Deepak T,Viman Nagar,89964ed,Day,4.5,2,8,50,5797.07,0
PNQ-1071,Deepak T,Viman Nagar,89964ed,Day,4.5,2,9,64,7742.19,0
PNQ-1071,Deepak T,Viman Nagar,89964ed,Day,4.5,2,10,65,6284.83,0
PNQ-1071,Deepak T,Viman Nagar,89964ed,Day,4.5,2,11,41,4322.05,0
PNQ-1071,Deepak T,Viman Nagar,89964ed,Day,4.5,2,12,57,7751.09,0
PNQ-1072,Anjali U,Hadapsar,89964fe,Night,4.9,3,1,60,7249.8,0
PNQ-1072,Anjali U,Hadapsar,89964fe,Night,4.9,3,2,51,7298.65,0
PNQ-1072,Anjali U,Hadapsar,89964fe,Night,4.9,3,3,54,5235.8,0
PNQ-1072,Anjali U,Hadapsar,89964fe,Night,4.9,3,4,44,5503.84,0
PNQ-1072,Anjali U,Hadapsar,89964fe,Night,4.9,3,5,55,6937.32,0
PNQ-1072,Anjali U,Hadapsar,89964fe,Night,4.9,3,6,61,5837.3,0
PNQ-1072,Anjali U,Hadapsar,89964fe,Night,4.9,3,7,63,6075.67,0
PNQ-1072,Anjali U,Hadapsar,89964fe,Night,4.9,3,8,53,5426.51,0
PNQ-1072,Anjali U,Hadapsar,89964fe,Night,4.9,3,9,60,8157.3,0
PNQ-1072,Anjali U,Hadapsar,89964fe,Night,4.9,3,10,60,8390.18,0
PNQ-1072,Anjali U,Hadapsar,89964fe,Night,4.9,3,11,59,6045.36,0
PNQ-1072,Anjali U,Hadapsar,89964fe,Night,4.9,3,12,59,7700.81,0
PNQ-1073,Sneha V,Hinjewadi,89964af,Night,4.7,24,1,55,5474.69,0
PNQ-1073,Sneha V,Hinjewadi,89964af,Night,4.7,24,2,56,7272.28,0
PNQ-1073,Sneha V,Hinjewadi,89964af,Night,4.7,24,3,46,4946.38,0
PNQ-1073,Sneha V,Hinjewadi,89964af,Night,4.7,24,4,63,8445.18,0
PNQ-1073,Sneha V,Hinjewadi,89964af,Night,4.7,24,5,47,5713.42,0
PNQ-1073,Sneha V,Hinjewadi,89964af,Night,4.7,24,6,49,5392.54,0
PNQ-1073,Sneha V,Hinjewadi,89964af,Night,4.7,24,7,54,7710.36,0
PNQ-1073,Sneha V,Hinjewadi,89964af,Night,4.7,24,8,57,5736.37,0
PNQ-1073,Sneha V,Hinjewadi,89964af,Night,4.7,24,9,58,6069.93,0
PNQ-1073,Sneha V,Hinjewadi,89964af,Night,4.7,24,10,49,6176.69,0
PNQ-1073,Sneha V,Hinjewadi,89964af,Night,4.7,24,11,57,6568.58,0
PNQ-1073,Sneha V,Hinjewadi,89964af,Night,4.7,24,12,63,8096.91,0
PNQ-1074,Anjali W,Hinjewadi,89964af,Day,4.0,13,1,59,8260.85,0
PNQ-1074,Anjali W,Hinjewadi,89964af,Day,4.0,13,2,42,6042.48,0
PNQ-1074,Anjali W,Hinjewadi,89964af,Day,4.0,13,3,62,8973.35,0
PNQ-1074,Anjali W,Hinjewadi,89964af,Day,4.0,13,4,47,4815.11,0
PNQ-1074,Anjali W,Hinjewadi,89964af,Day,4.0,13,5,64,6726.47,0
PNQ-1074,Anjali W,Hinjewadi,89964af,Day,4.0,13,6,48,5309.06,0
PNQ-1074,Anjali W,Hinjewadi,89964af,Day,4.0,13,7,50,6431.22,0
PNQ-1074,Anjali W,Hinjewadi,89964af,Day,4.0,13,8,56,7315.18,0
PNQ-1074,Anjali W,Hinjewadi,89964af,Day,4.0,13,9,32,3173.69,0
PNQ-1074,Anjali W,Hinjewadi,89964af,Day,4.0,13,10,54,7561.1,0
PNQ-1074,Anjali W,Hinjewadi,89964af,Day,4.0,13,11,56,6367.22,0
PNQ-1074,Anjali W,Hinjewadi,89964af,Day,4.0,13,12,49,4850.45,0
PNQ-1075,Deepak X,Hadapsar,89964fe,Day,4.5,11,1,43,5815.54,0
PNQ-1075,Deepak X,Hadapsar,89964fe,Day,4.5,11,2,63,7995.67,0
PNQ-1075,Deepak X,Hadapsar,89964fe,Day,4.5,11,3,55,7925.49,0
PNQ-1075,Deepak X,Hadapsar,89964fe,Day,4.5,11,4,67,8517.18,0
PNQ-1075,Deepak X,Hadapsar,89964fe,Day,4.5,11,5,63,7543.32,0
PNQ-1075,Deepak X,Hadapsar,89964fe,Day,4.5,11,6,43,4321.12,0
PNQ-1075,Deepak X,Hadapsar,89964fe,Day,4.5,11,7,35,4882.99,0
PNQ-1075,Deepak X,Hadapsar,89964fe,Day,4.5,11,8,51,6098.95,0
PNQ-1075,Deepak X,Hadapsar,89964fe,Day,4.5,11,9,65,9043.98,0
PNQ-1075,Deepak X,Hadapsar,89964fe,Day,4.5,11,10,57,6818.9,0
PNQ-1075,Deepak X,Hadapsar,89964fe,Day,4.5,11,11,53,6424.0,0
PNQ-1075,Deepak X,Hadapsar,89964fe,Day,4.5,11,12,52,6139.01,0
PNQ-1076,Rahul Y,Baner,89964bc,Night,5.0,25,1,47,6122.58,0
PNQ-1076,Rahul Y,Baner,89964bc,Night,5.0,25,2,64,8408.14,0
PNQ-1076,Rahul Y,Baner,89964bc,Night,5.0,25,3,48,4879.33,0
PNQ-1076,Rahul Y,Baner,89964bc,Night,5.0,25,4,50,5870.41,0
PNQ-1076,Rahul Y,Baner,89964bc,Night,5.0,25,5,51,5362.85,0
PNQ-1076,Rahul Y,Baner,89964bc,Night,5.0,25,6,60,6483.62,0
PNQ-1076,Rahul Y,Baner,89964bc,Night,5.0,25,7,51,7112.84,0
PNQ-1076,Rahul Y,Baner,89964bc,Night,5.0,25,8,51,6372.44,0
PNQ-1076,Rahul Y,Baner,89964bc,Night,5.0,25,9,55,6029.79,0
PNQ-1076,Rahul Y,Baner,89964bc,Night,5.0,25,10,51,7288.25,0
PNQ-1076,Rahul Y,Baner,89964bc,Night,5.0,25,11,52,7274.02,0
PNQ-1076,Rahul Y,Baner,89964bc,Night,5.0,25,12,58,7776.2,0
PNQ-1077,Suresh Z,Baner,89964bc,Night,4.6,46,1,57,6413.56,0
PNQ-1077,Suresh Z,Baner,89964bc,Night,4.6,46,2,52,6792.31,0
PNQ-1077,Suresh Z,Baner,89964bc,Night,4.6,46,3,56,6248.44,0
PNQ-1077,Suresh Z,Baner,89964bc,Night,4.6,46,4,56,8161.17,0
PNQ-1077,Suresh Z,Baner,89964bc,Night,4.6,46,5,57,7491.94,0
PNQ-1077,Suresh Z,Baner,89964bc,Night,4.6,46,6,48,5074.15,0
PNQ-1077,Suresh Z,Baner,89964bc,Night,4.6,46,7,64,8318.27,0
PNQ-1077,Suresh Z,Baner,89964bc,Night,4.6,46,8,53,6621.38,0
PNQ-1077,Suresh Z,Baner,89964bc,Night,4.6,46,9,49,6672.49,0
PNQ-1077,Suresh Z,Baner,89964bc,Night,4.6,46,10,58,8016.11,0
PNQ-1077,Suresh Z,Baner,89964bc,Night,4.6,46,11,47,5262.83,0
PNQ-1077,Suresh Z,Baner,89964bc,Night,4.6,46,12,44,5661.41,0
PNQ-1078,Anjali A,Kothrud,89964d1,Night,4.2,15,1,15,1237.04,1
PNQ-1078,Anjali A,Kothrud,89964d1,Night,4.2,15,2,66,7744.23,0
PNQ-1078,Anjali A,Kothrud,89964d1,Night,4.2,15,3,48,4990.19,0
PNQ-1078,Anjali A,Kothrud,89964d1,Night,4.2,15,4,40,3883.01,0
PNQ-1078,Anjali A,Kothrud,89964d1,Night,4.2,15,5,55,5701.58,0
PNQ-1078,Anjali A,Kothrud,89964d1,Night,4.2,15,6,12,1007.26,1
PNQ-1078,Anjali A,Kothrud,89964d1,Night,4.2,15,7,68,7186.24,0
PNQ-1078,Anjali A,Kothrud,89964d1,Night,4.2,15,8,52,4554.95,0
PNQ-1078,Anjali A,Kothrud,89964d1,Night,4.2,15,9,14,1336.92,1
PNQ-1078,Anjali A,Kothrud,89964d1,Night,4.2,15,10,22,1897.24,1
PNQ-1078,Anjali A,Kothrud,89964d1,Night,4.2,15,11,43,4419.93,0
PNQ-1078,Anjali A,Kothrud,89964d1,Night,4.2,15,12,45,3643.16,0
PNQ-1079,Vikram B,Baner,89964bc,Day,4.7,10,1,44,5053.11,0
PNQ-1079,Vikram B,Baner,89964bc,Day,4.7,10,2,61,7461.05,0
PNQ-1079,Vikram B,Baner,89964bc,Day,4.7,10,3,61,8766.49,0
PNQ-1079,Vikram B,Baner,89964bc,Day,4.7,10,4,63,7552.97,0
PNQ-1079,Vikram B,Baner,89964bc,Day,4.7,10,5,47,6369.87,0
PNQ-1079,Vikram B,Baner,89964bc,Day,4.7,10,6,61,6298.58,0
PNQ-1079,Vikram B,Baner,89964bc,Day,4.7,10,7,49,4906.14,0
PNQ-1079,Vikram B,Baner,89964bc,Day,4.7,10,8,59,6405.85,0
PNQ-1079,Vikram B,Baner,89964bc,Day,4.7,10,9,51,5908.52,0
PNQ-1079,Vikram B,Baner,89964bc,Day,4.7,10,10,50,6416.09,0
PNQ-1079,Vikram B,Baner,89964bc,Day,4.7,10,11,55,7375.81,0
PNQ-1079,Vikram B,Baner,89964bc,Day,4.7,10,12,48,7013.08,0
PNQ-1080,Anjali C,Hinjewadi,89964af,Day,4.4,15,1,47,5452.48,0
PNQ-1080,Anjali C,Hinjewadi,89964af,Day,4.4,15,2,65,8226.91,0
PNQ-1080,Anjali C,Hinjewadi,89964af,Day,4.4,15,3,42,4913.37,0
PNQ-1080,Anjali C,Hinjewadi,89964af,Day,4.4,15,4,46,6194.85,0
PNQ-1080,Anjali C,Hinjewadi,89964af,Day,4.4,15,5,55,6880.28,0
PNQ-1080,Anjali C,Hinjewadi,89964af,Day,4.4,15,6,48,4770.71,0
PNQ-1080,Anjali C,Hinjewadi,89964af,Day,4.4,15,7,59,6881.09,0
PNQ-1080,Anjali C,Hinjewadi,89964af,Day,4.4,15,8,60,8375.28,0
PNQ-1080,Anjali C,Hinjewadi,89964af,Day,4.4,15,9,52,6236.64,0
PNQ-1080,Anjali C,Hinjewadi,89964af,Day,4.4,15,10,52,7056.36,0
PNQ-1080,Anjali C,Hinjewadi,89964af,Day,4.4,15,11,58,6659.43,0
PNQ-1080,Anjali C,Hinjewadi,89964af,Day,4.4,15,12,62,6404.28,0
PNQ-1081,Anjali D,Kothrud,89964d1,Day,4.4,30,1,54,6318.43,0
PNQ-1081,Anjali D,Kothrud,89964d1,Day,4.4,30,2,60,4661.42,0
PNQ-1081,Anjali D,Kothrud,89964d1,Day,4.4,30,3,56,4652.82,0
PNQ-1081,Anjali D,Kothrud,89964d1,Day,4.4,30,4,53,5565.32,0
PNQ-1081,Anjali D,Kothrud,89964d1,Day,4.4,30,5,64,6075.42,0
PNQ-1081,Anjali D,Kothrud,89964d1,Day,4.4,30,6,47,3668.51,0
PNQ-1081,Anjali D,Kothrud,89964d1,Day,4.4,30,7,53,5585.96,0
PNQ-1081,Anjali D,Kothrud,89964d1,Day,4.4,30,8,65,6051.09,0
PNQ-1081,Anjali D,Kothrud,89964d1,Day,4.4,30,9,62,6993.59,0
PNQ-1081,Anjali D,Kothrud,89964d1,Day,4.4,30,10,49,4888.22,0
PNQ-1081,Anjali D,Kothrud,89964d1,Day,4.4,30,11,70,7751.6,0
PNQ-1081,Anjali D,Kothrud,89964d1,Day,4.4,30,12,47,4165.52,0
PNQ-1082,Vikram E,Hadapsar,89964fe,Night,4.8,3,1,42,4559.21,0
PNQ-1082,Vikram E,Hadapsar,89964fe,Night,4.8,3,2,47,6238.13,0
PNQ-1082,Vikram E,Hadapsar,89964fe,Night,4.8,3,3,57,6836.12,0
PNQ-1082,Vikram E,Hadapsar,89964fe,Night,4.8,3,4,64,9070.73,0
PNQ-1082,Vikram E,Hadapsar,89964fe,Night,4.8,3,5,52,7135.27,0
PNQ-1082,Vikram E,Hadapsar,89964fe,Night,4.8,3,6,35,3592.1,0
PNQ-1082,Vikram E,Hadapsar,89964fe,Night,4.8,3,7,52,5286.59,0
PNQ-1082,Vikram E,Hadapsar,89964fe,Night,4.8,3,8,49,4903.59,0
PNQ-1082,Vikram E,Hadapsar,89964fe,Night,4.8,3,9,64,6188.66,0
PNQ-1082,Vikram E,Hadapsar,89964fe,Night,4.8,3,10,59,6375.4,0
PNQ-1082,Vikram E,Hadapsar,89964fe,Night,4.8,3,11,53,6161.17,0
PNQ-1082,Vikram E,Hadapsar,89964fe,Night,4.8,3,12,55,5284.38,0
PNQ-1083,Vikram F,Baner,89964bc,Night,4.2,9,1,57,6759.55,0
PNQ-1083,Vikram F,Baner,89964bc,Night,4.2,9,2,39,5352.46,0
PNQ-1083,Vikram F,Baner,89964bc,Night,4.2,9,3,50,5544.96,0
PNQ-1083,Vikram F,Baner,89964bc,Night,4.2,9,4,55,6268.64,0
PNQ-1083,Vikram F,Baner,89964bc,Night,4.2,9,5,55,6163.59,0
PNQ-1083,Vikram F,Baner,89964bc,Night,4.2,9,6,36,3620.38,0
PNQ-1083,Vikram F,Baner,89964bc,Night,4.2,9,7,45,4901.55,0
PNQ-1083,Vikram F,Baner,89964bc,Night,4.2,9,8,44,5480.86,0
PNQ-1083,Vikram F,Baner,89964bc,Night,4.2,9,9,55,7736.06,0
PNQ-1083,Vikram F,Baner,89964bc,Night,4.2,9,10,51,5643.9,0
PNQ-1083,Vikram F,Baner,89964bc,Night,4.2,9,11,48,5759.85,0
PNQ-1083,Vikram F,Baner,89964bc,Night,4.2,9,12,45,5906.89,0
PNQ-1084,Suresh G,Kothrud,89964d1,Night,4.1,23,1,57,5997.12,0
PNQ-1084,Suresh G,Kothrud,89964d1,Night,4.1,23,2,46,4098.42,0
PNQ-1084,Suresh G,Kothrud,89964d1,Night,4.1,23,3,49,3942.3,0
PNQ-1084,Suresh G,Kothrud,89964d1,Night,4.1,23,4,58,4356.92,0
PNQ-1084,Suresh G,Kothrud,89964d1,Night,4.1,23,5,54,4795.28,0
PNQ-1084,Suresh G,Kothrud,89964d1,Night,4.1,23,6,47,4903.62,0
PNQ-1084,Suresh G,Kothrud,89964d1,Night,4.1,23,7,46,4418.54,0
PNQ-1084,Suresh G,Kothrud,89964d1,Night,4.1,23,8,63,5333.49,0
PNQ-1084,Suresh G,Kothrud,89964d1,Night,4.1,23,9,43,4109.93,0
PNQ-1084,Suresh G,Kothrud,89964d1,Night,4.1,23,10,50,3755.63,0
PNQ-1084,Suresh G,Kothrud,89964d1,Night,4.1,23,11,66,6983.61,0
PNQ-1084,Suresh G,Kothrud,89964d1,Night,4.1,23,12,7,707.98,1
PNQ-1085,Anjali H,Hadapsar,89964fe,Night,4.7,31,1,43,4826.11,0
PNQ-1085,Anjali H,Hadapsar,89964fe,Night,4.7,31,2,48,5966.08,0
PNQ-1085,Anjali H,Hadapsar,89964fe,Night,4.7,31,3,47,6196.92,0
PNQ-1085,Anjali H,Hadapsar,89964fe,Night,4.7,31,4,58,6087.25,0
PNQ-1085,Anjali H,Hadapsar,89964fe,Night,4.7,31,5,62,7542.07,0
PNQ-1085,Anjali H,Hadapsar,89964fe,Night,4.7,31,6,52,5809.3,0
PNQ-1085,Anjali H,Hadapsar,89964fe,Night,4.7,31,7,44,4812.35,0
PNQ-1085,Anjali H,Hadapsar,89964fe,Night,4.7,31,8,65,9169.49,0
PNQ-1085,Anjali H,Hadapsar,89964fe,Night,4.7,31,9,53,7507.7,0
PNQ-1085,Anjali H,Hadapsar,89964fe,Night,4.7,31,10,52,6613.79,0
PNQ-1085,Anjali H,Hadapsar,89964fe,Night,4.7,31,11,63,7554.28,0
PNQ-1085,Anjali H,Hadapsar,89964fe,Night,4.7,31,12,38,4275.63,0
PNQ-1086,Rohan I,Baner,89964bc,Night,4.8,22,1,59,7459.74,0
PNQ-1086,Rohan I,Baner,89964bc,Night,4.8,22,2,66,8959.92,0
PNQ-1086,Rohan I,Baner,89964bc,Night,4.8,22,3,53,5999.3,0
PNQ-1086,Rohan I,Baner,89964bc,Night,4.8,22,4,45,4659.35,0
PNQ-1086,Rohan I,Baner,89964bc,Night,4.8,22,5,53,5942.97,0
PNQ-1086,Rohan I,Baner,89964bc,Night,4.8,22,6,48,7020.64,0
PNQ-1086,Rohan I,Baner,89964bc,Night,4.8,22,7,33,4160.06,0
PNQ-1086,Rohan I,Baner,89964bc,Night,4.8,22,8,50,6033.45,0
PNQ-1086,Rohan I,Baner,89964bc,Night,4.8,22,9,55,6708.68,0
PNQ-1086,Rohan I,Baner,89964bc,Night,4.8,22,10,53,5290.41,0
PNQ-1086,Rohan I,Baner,89964bc,Night,4.8,22,11,51,6694.9,0
PNQ-1086,Rohan I,Baner,89964bc,Night,4.8,22,12,54,5368.5,0
PNQ-1087,Amit J,Hadapsar,89964fe,Day,4.9,12,1,42,5900.65,0
PNQ-1087,Amit J,Hadapsar,89964fe,Day,4.9,12,2,50,6511.89,0
PNQ-1087,Amit J,Hadapsar,89964fe,Day,4.9,12,3,60,7429.44,0
PNQ-1087,Amit J,Hadapsar,89964fe,Day,4.9,12,4,49,6951.52,0
PNQ-1087,Amit J,Hadapsar,89964fe,Day,4.9,12,5,42,4705.01,0
PNQ-1087,Amit J,Hadapsar,89964fe,Day,4.9,12,6,47,5825.67,0
PNQ-1087,Amit J,Hadapsar,89964fe,Day,4.9,12,7,55,7979.63,0
PNQ-1087,Amit J,Hadapsar,89964fe,Day,4.9,12,8,49,7088.52,0
PNQ-1087,Amit J,Hadapsar,89964fe,Day,4.9,12,9,51,6909.2,0
PNQ-1087,Amit J,Hadapsar,89964fe,Day,4.9,12,10,66,7440.25,0
PNQ-1087,Amit J,Hadapsar,89964fe,Day,4.9,12,11,56,6514.47,0
PNQ-1087,Amit J,Hadapsar,89964fe,Day,4.9,12,12,54,7880.56,0
PNQ-1088,Amit K,Kothrud,89964d1,Day,4.2,22,1,50,6088.59,0
PNQ-1088,Amit K,Kothrud,89964d1,Day,4.2,22,2,45,3690.87,0
PNQ-1088,Amit K,Kothrud,89964d1,Day,4.2,22,3,61,4751.97,0
PNQ-1088,Amit K,Kothrud,89964d1,Day,4.2,22,4,57,5943.6,0
PNQ-1088,Amit K,Kothrud,89964d1,Day,4.2,22,5,37,4186.17,0
PNQ-1088,Amit K,Kothrud,89964d1,Day,4.2,22,6,65,5333.4,0
PNQ-1088,Amit K,Kothrud,89964d1,Day,4.2,22,7,41,4933.25,0
PNQ-1088,Amit K,Kothrud,89964d1,Day,4.2,22,8,47,4833.54,0
PNQ-1088,Amit K,Kothrud,89964d1,Day,4.2,22,9,45,3887.86,0
PNQ-1088,Amit K,Kothrud,89964d1,Day,4.2,22,10,60,6262.44,0
PNQ-1088,Amit K,Kothrud,89964d1,Day,4.2,22,11,61,6300.78,0
PNQ-1088,Amit K,Kothrud,89964d1,Day,4.2,22,12,51,4844.48,0
PNQ-1089,Suresh L,Hinjewadi,89964af,Night,4.6,17,1,53,5588.07,0
PNQ-1089,Suresh L,Hinjewadi,89964af,Night,4.6,17,2,64,6500.46,0
PNQ-1089,Suresh L,Hinjewadi,89964af,Night,4.6,17,3,45,5792.12,0
PNQ-1089,Suresh L,Hinjewadi,89964af,Night,4.6,17,4,47,5157.06,0
PNQ-1089,Suresh L,Hinjewadi,89964af,Night,4.6,17,5,49,6447.59,0
PNQ-1089,Suresh L,Hinjewadi,89964af,Night,4.6,17,6,56,6029.32,0
PNQ-1089,Suresh L,Hinjewadi,89964af,Night,4.6,17,7,52,5391.69,0
PNQ-1089,Suresh L,Hinjewadi,89964af,Night,4.6,17,8,66,8091.32,0
PNQ-1089,Suresh L,Hinjewadi,89964af,Night,4.6,17,9,46,5392.6,0
PNQ-1089,Suresh L,Hinjewadi,89964af,Night,4.6,17,10,49,6249.02,0
PNQ-1089,Suresh L,Hinjewadi,89964af,Night,4.6,17,11,48,5958.19,0
PNQ-1089,Suresh L,Hinjewadi,89964af,Night,4.6,17,12,53,6200.44,0
PNQ-1090,Sneha M,Baner,89964bc,Night,5.0,7,1,61,7115.38,0
PNQ-1090,Sneha M,Baner,89964bc,Night,5.0,7,2,58,7173.17,0
PNQ-1090,Sneha M,Baner,89964bc,Night,5.0,7,3,59,8512.34,0
PNQ-1090,Sneha M,Baner,89964bc,Night,5.0,7,4,50,4951.3,0
PNQ-1090,Sneha M,Baner,89964bc,Night,5.0,7,5,52,5543.17,0
PNQ-1090,Sneha M,Baner,89964bc,Night,5.0,7,6,59,6788.03,0
PNQ-1090,Sneha M,Baner,89964bc,Night,5.0,7,7,44,4741.41,0
PNQ-1090,Sneha M,Baner,89964bc,Night,5.0,7,8,57,7102.13,0
PNQ-1090,Sneha M,Baner,89964bc,Night,5.0,7,9,40,5546.24,0
PNQ-1090,Sneha M,Baner,89964bc,Night,5.0,7,10,50,6625.73,0
PNQ-1090,Sneha M,Baner,89964bc,Night,5.0,7,11,56,8250.94,0
PNQ-1090,Sneha M,Baner,89964bc,Night,5.0,7,12,47,5978.37,0
PNQ-1091,Kavita N,Baner,89964bc,Night,4.6,5,1,63,7365.03,0
PNQ-1091,Kavita N,Baner,89964bc,Night,4.6,5,2,55,6915.51,0
PNQ-1091,Kavita N,Baner,89964bc,Night,4.6,5,3,67,9738.72,0
PNQ-1091,Kavita N,Baner,89964bc,Night,4.6,5,4,44,4800.31,0
PNQ-1091,Kavita N,Baner,89964bc,Night,4.6,5,5,74,7124.14,0
PNQ-1091,Kavita N,Baner,89964bc,Night,4.6,5,6,48,5672.9,0
PNQ-1091,Kavita N,Baner,89964bc,Night,4.6,5,7,59,5898.24,0
PNQ-1091,Kavita N,Baner,89964bc,Night,4.6,5,8,52,5314.02,0
PNQ-1091,Kavita N,Baner,89964bc,Night,4.6,5,9,49,6759.7,0
PNQ-1091,Kavita N,Baner,89964bc,Night,4.6,5,10,51,5110.25,0
PNQ-1091,Kavita N,Baner,89964bc,Night,4.6,5,11,75,9331.18,0
PNQ-1091,Kavita N,Baner,89964bc,Night,4.6,5,12,46,4758.59,0
PNQ-1092,Anjali O,Kothrud,89964d1,Night,4.6,5,1,49,3795.36,0
PNQ-1092,Anjali O,Kothrud,89964d1,Night,4.6,5,2,56,4935.43,0
PNQ-1092,Anjali O,Kothrud,89964d1,Night,4.6,5,3,54,5374.37,0
PNQ-1092,Anjali O,Kothrud,89964d1,Night,4.6,5,4,39,3105.39,0
PNQ-1092,Anjali O,Kothrud,89964d1,Night,4.6,5,5,57,6908.0,0
PNQ-1092,Anjali O,Kothrud,89964d1,Night,4.6,5,6,57,6238.14,0
PNQ-1092,Anjali O,Kothrud,89964d1,Night,4.6,5,7,51,4181.15,0
PNQ-1092,Anjali O,Kothrud,89964d1,Night,4.6,5,8,59,5328.52,0
PNQ-1092,Anjali O,Kothrud,89964d1,Night,4.6,5,9,33,3099.26,0
PNQ-1092,Anjali O,Kothrud,89964d1,Night,4.6,5,10,17,1643.58,1
PNQ-1092,Anjali O,Kothrud,89964d1,Night,4.6,5,11,65,7433.81,0
PNQ-1092,Anjali O,Kothrud,89964d1,Night,4.6,5,12,47,3730.1,0
PNQ-1093,Kavita P,Hadapsar,89964fe,Day,4.3,33,1,54,7252.12,0
PNQ-1093,Kavita P,Hadapsar,89964fe,Day,4.3,33,2,59,6504.35,0
PNQ-1093,Kavita P,Hadapsar,89964fe,Day,4.3,33,3,50,6234.92,0
PNQ-1093,Kavita P,Hadapsar,89964fe,Day,4.3,33,4,58,7154.17,0
PNQ-1093,Kavita P,Hadapsar,89964fe,Day,4.3,33,5,67,8696.01,0
PNQ-1093,Kavita P,Hadapsar,89964fe,Day,4.3,33,6,57,7613.58,0
PNQ-1093,Kavita P,Hadapsar,89964fe,Day,4.3,33,7,49,7127.31,0
PNQ-1093,Kavita P,Hadapsar,89964fe,Day,4.3,33,8,46,6510.06,0
PNQ-1093,Kavita P,Hadapsar,89964fe,Day,4.3,33,9,49,6128.62,0
PNQ-1093,Kavita P,Hadapsar,89964fe,Day,4.3,33,10,56,6248.39,0
PNQ-1093,Kavita P,Hadapsar,89964fe,Day,4.3,33,11,56,6381.04,0
PNQ-1093,Kavita P,Hadapsar,89964fe,Day,4.3,33,12,45,6075.34,0
PNQ-1094,Deepak Q,Hadapsar,89964fe,Night,4.7,4,1,44,6034.62,0
PNQ-1094,Deepak Q,Hadapsar,89964fe,Night,4.7,4,2,40,4057.55,0
PNQ-1094,Deepak Q,Hadapsar,89964fe,Night,4.7,4,3,63,6599.64,0
PNQ-1094,Deepak Q,Hadapsar,89964fe,Night,4.7,4,4,56,6861.35,0
PNQ-1094,Deepak Q,Hadapsar,89964fe,Night,4.7,4,5,49,6587.83,0
PNQ-1094,Deepak Q,Hadapsar,89964fe,Night,4.7,4,6,61,8202.37,0
PNQ-1094,Deepak Q,Hadapsar,89964fe,Night,4.7,4,7,51,5183.16,0
PNQ-1094,Deepak Q,Hadapsar,89964fe,Night,4.7,4,8,40,4030.77,0
PNQ-1094,Deepak Q,Hadapsar,89964fe,Night,4.7,4,9,58,7861.16,0
PNQ-1094,Deepak Q,Hadapsar,89964fe,Night,4.7,4,10,41,4611.33,0
PNQ-1094,Deepak Q,Hadapsar,89964fe,Night,4.7,4,11,58,6236.34,0
PNQ-1094,Deepak Q,Hadapsar,89964fe,Night,4.7,4,12,52,7386.55,0
PNQ-1095,Vikram R,Hinjewadi,89964af,Day,4.3,17,1,30,3647.24,0
PNQ-1095,Vikram R,Hinjewadi,89964af,Day,4.3,17,2,55,7407.51,0
PNQ-1095,Vikram R,Hinjewadi,89964af,Day,4.3,17,3,46,4879.57,0
PNQ-1095,Vikram R,Hinjewadi,89964af,Day,4.3,17,4,41,3994.79,0
PNQ-1095,Vikram R,Hinjewadi,89964af,Day,4.3,17,5,70,7156.96,0
PNQ-1095,Vikram R,Hinjewadi,89964af,Day,4.3,17,6,53,5800.39,0
PNQ-1095,Vikram R,Hinjewadi,89964af,Day,4.3,17,7,36,5231.51,0
PNQ-1095,Vikram R,Hinjewadi,89964af,Day,4.3,17,8,50,7138.74,0
PNQ-1095,Vikram R,Hinjewadi,89964af,Day,4.3,17,9,61,6544.1,0
PNQ-1095,Vikram R,Hinjewadi,89964af,Day,4.3,17,10,64,8094.8,0
PNQ-1095,Vikram R,Hinjewadi,89964af,Day,4.3,17,11,44,5106.6,0
PNQ-1095,Vikram R,Hinjewadi,89964af,Day,4.3,17,12,49,5000.38,0
PNQ-1096,Priya S,Hadapsar,89964fe,Night,4.8,1,1,60,5727.73,0
PNQ-1096,Priya S,Hadapsar,89964fe,Night,4.8,1,2,47,6478.54,0
PNQ-1096,Priya S,Hadapsar,89964fe,Night,4.8,1,3,44,6244.89,0
PNQ-1096,Priya S,Hadapsar,89964fe,Night,4.8,1,4,63,8649.83,0
PNQ-1096,Priya S,Hadapsar,89964fe,Night,4.8,1,5,55,6691.27,0
PNQ-1096,Priya S,Hadapsar,89964fe,Night,4.8,1,6,63,8192.04,0
PNQ-1096,Priya S,Hadapsar,89964fe,Night,4.8,1,7,45,4731.79,0
PNQ-1096,Priya S,Hadapsar,89964fe,Night,4.8,1,8,54,6488.71,0
PNQ-1096,Priya S,Hadapsar,89964fe,Night,4.8,1,9,57,5433.98,0
PNQ-1096,Priya S,Hadapsar,89964fe,Night,4.8,1,10,56,5858.88,0
PNQ-1096,Priya S,Hadapsar,89964fe,Night,4.8,1,11,60,5814.5,0
PNQ-1096,Priya S,Hadapsar,89964fe,Night,4.8,1,12,56,6275.81,0
PNQ-1097,Deepak T,Baner,89964bc,Night,4.3,40,1,47,4853.21,0
PNQ-1097,Deepak T,Baner,89964bc,Night,4.3,40,2,57,8055.25,0
PNQ-1097,Deepak T,Baner,89964bc,Night,4.3,40,3,53,6785.45,0
PNQ-1097,Deepak T,Baner,89964bc,Night,4.3,40,4,50,5929.42,0
PNQ-1097,Deepak T,Baner,89964bc,Night,4.3,40,5,51,6615.77,0
PNQ-1097,Deepak T,Baner,89964bc,Night,4.3,40,6,56,6105.16,0
PNQ-1097,Deepak T,Baner,89964bc,Night,4.3,40,7,47,6733.43,0
PNQ-1097,Deepak T,Baner,89964bc,Night,4.3,40,8,56,7436.82,0
PNQ-1097,Deepak T,Baner,89964bc,Night,4.3,40,9,52,5762.05,0
PNQ-1097,Deepak T,Baner,89964bc,Night,4.3,40,10,45,6373.36,0
PNQ-1097,Deepak T,Baner,89964bc,Night,4.3,40,11,56,6632.2,0
PNQ-1097,Deepak T,Baner,89964bc,Night,4.3,40,12,61,7730.91,0
PNQ-1098,Rahul U,Hinjewadi,89964af,Night,4.5,14,1,58,7212.04,0
PNQ-1098,Rahul U,Hinjewadi,89964af,Night,4.5,14,2,51,6948.08,0
PNQ-1098,Rahul U,Hinjewadi,89964af,Night,4.5,14,3,53,6660.09,0
PNQ-1098,Rahul U,Hinjewadi,89964af,Night,4.5,14,4,63,7186.04,0
PNQ-1098,Rahul U,Hinjewadi,89964af,Night,4.5,14,5,49,6351.25,0
PNQ-1098,Rahul U,Hinjewadi,89964af,Night,4.5,14,6,57,7175.58,0
PNQ-1098,Rahul U,Hinjewadi,89964af,Night,4.5,14,7,53,6017.42,0
PNQ-1098,Rahul U,Hinjewadi,89964af,Night,4.5,14,8,48,5807.7,0
PNQ-1098,Rahul U,Hinjewadi,89964af,Night,4.5,14,9,59,6331.32,0
PNQ-1098,Rahul U,Hinjewadi,89964af,Night,4.5,14,10,52,7331.19,0
PNQ-1098,Rahul U,Hinjewadi,89964af,Night,4.5,14,11,60,6110.4,0
PNQ-1098,Rahul U,Hinjewadi,89964af,Night,4.5,14,12,44,5586.95,0
PNQ-1099,Amit V,Hinjewadi,89964af,Day,4.4,17,1,55,7307.88,0
PNQ-1099,Amit V,Hinjewadi,89964af,Day,4.4,17,2,53,5879.89,0
PNQ-1099,Amit V,Hinjewadi,89964af,Day,4.4,17,3,69,7062.66,0
PNQ-1099,Amit V,Hinjewadi,89964af,Day,4.4,17,4,55,7435.08,0
PNQ-1099,Amit V,Hinjewadi,89964af,Day,4.4,17,5,53,6257.85,0
PNQ-1099,Amit V,Hinjewadi,89964af,Day,4.4,17,6,59,7980.8,0
PNQ-1099,Amit V,Hinjewadi,89964af,Day,4.4,17,7,48,7019.65,0
PNQ-1099,Amit V,Hinjewadi,89964af,Day,4.4,17,8,40,4321.77,0
PNQ-1099,Amit V,Hinjewadi,89964af,Day,4.4,17,9,42,4900.31,0
PNQ-1099,Amit V,Hinjewadi,89964af,Day,4.4,17,10,57,7712.79,0
PNQ-1099,Amit V,Hinjewadi,89964af,Day,4.4,17,11,55,7775.25,0
PNQ-1099,Amit V,Hinjewadi,89964af,Day,4.4,17,12,58,7460.77,0
